drugs,target,score,
CC/C(=N\N=C(\N)S)c1ccc(Cl)c(Cl)c1,APAAVDWRARGAVTAVKDQGQCGSCWAFSAIGNVECQWFLAGHPLTNLAEQMLVSCDKTDSGCSGGLMNNAFEWIVQENNGAVYTEDSYPYASGEGISPPCTTSGHTVGATITGHVELPQDEAQIAAWLAVNGPVAVAVDASSWMTYTGGVMTSCVSEQLDHGVLLVGYNDGAAVPYWIIKNSWTTQWGEEGYIRIAKGSNQCLVKEEASSAVVGHHHHHH,7.7,CHEMBL1135476
CC/C(=N\N=C(\N)S)c1cc(C(F)(F)F)cc(C(F)(F)F)c1,APAAVDWRARGAVTAVKDQGQCGSCWAFSAIGNVECQWFLAGHPLTNLAEQMLVSCDKTDSGCSGGLMNNAFEWIVQENNGAVYTEDSYPYASGEGISPPCTTSGHTVGATITGHVELPQDEAQIAAWLAVNGPVAVAVDASSWMTYTGGVMTSCVSEQLDHGVLLVGYNDGAAVPYWIIKNSWTTQWGEEGYIRIAKGSNQCLVKEEASSAVVGHHHHHH,7.7,CHEMBL1135476
CC1CN(C(=N)S)N=C1c1cccc(C(F)(F)F)c1,APAAVDWRARGAVTAVKDQGQCGSCWAFSAIGNVECQWFLAGHPLTNLAEQMLVSCDKTDSGCSGGLMNNAFEWIVQENNGAVYTEDSYPYASGEGISPPCTTSGHTVGATITGHVELPQDEAQIAAWLAVNGPVAVAVDASSWMTYTGGVMTSCVSEQLDHGVLLVGYNDGAAVPYWIIKNSWTTQWGEEGYIRIAKGSNQCLVKEEASSAVVGHHHHHH,7.4,CHEMBL1135476
CC/C(=N\N=C(\N)S)c1cccc(C(F)(F)F)c1,APAAVDWRARGAVTAVKDQGQCGSCWAFSAIGNVECQWFLAGHPLTNLAEQMLVSCDKTDSGCSGGLMNNAFEWIVQENNGAVYTEDSYPYASGEGISPPCTTSGHTVGATITGHVELPQDEAQIAAWLAVNGPVAVAVDASSWMTYTGGVMTSCVSEQLDHGVLLVGYNDGAAVPYWIIKNSWTTQWGEEGYIRIAKGSNQCLVKEEASSAVVGHHHHHH,7.3,CHEMBL1135476
NC(=S)N1CCC(c2ccc(Cl)c(Cl)c2)=N1,APAAVDWRARGAVTAVKDQGQCGSCWAFSAIGNVECQWFLAGHPLTNLAEQMLVSCDKTDSGCSGGLMNNAFEWIVQENNGAVYTEDSYPYASGEGISPPCTTSGHTVGATITGHVELPQDEAQIAAWLAVNGPVAVAVDASSWMTYTGGVMTSCVSEQLDHGVLLVGYNDGAAVPYWIIKNSWTTQWGEEGYIRIAKGSNQCLVKEEASSAVVGHHHHHH,7.22,CHEMBL1135476
C/C(=N\N=C(\N)S)c1cc(C(F)(F)F)cc(C(F)(F)F)c1,APAAVDWRARGAVTAVKDQGQCGSCWAFSAIGNVECQWFLAGHPLTNLAEQMLVSCDKTDSGCSGGLMNNAFEWIVQENNGAVYTEDSYPYASGEGISPPCTTSGHTVGATITGHVELPQDEAQIAAWLAVNGPVAVAVDASSWMTYTGGVMTSCVSEQLDHGVLLVGYNDGAAVPYWIIKNSWTTQWGEEGYIRIAKGSNQCLVKEEASSAVVGHHHHHH,7.22,CHEMBL1135476
CC1CN(C(=N)S)N=C1c1cccc(Br)c1,APAAVDWRARGAVTAVKDQGQCGSCWAFSAIGNVECQWFLAGHPLTNLAEQMLVSCDKTDSGCSGGLMNNAFEWIVQENNGAVYTEDSYPYASGEGISPPCTTSGHTVGATITGHVELPQDEAQIAAWLAVNGPVAVAVDASSWMTYTGGVMTSCVSEQLDHGVLLVGYNDGAAVPYWIIKNSWTTQWGEEGYIRIAKGSNQCLVKEEASSAVVGHHHHHH,7.1,CHEMBL1135476
N=C(S)N1CCC(c2cccc(C(F)(F)F)c2)=N1,APAAVDWRARGAVTAVKDQGQCGSCWAFSAIGNVECQWFLAGHPLTNLAEQMLVSCDKTDSGCSGGLMNNAFEWIVQENNGAVYTEDSYPYASGEGISPPCTTSGHTVGATITGHVELPQDEAQIAAWLAVNGPVAVAVDASSWMTYTGGVMTSCVSEQLDHGVLLVGYNDGAAVPYWIIKNSWTTQWGEEGYIRIAKGSNQCLVKEEASSAVVGHHHHHH,7.1,CHEMBL1135476
N/C(S)=N/N=C/c1ccc(-c2cccc(Cl)c2)o1,APAAVDWRARGAVTAVKDQGQCGSCWAFSAIGNVECQWFLAGHPLTNLAEQMLVSCDKTDSGCSGGLMNNAFEWIVQENNGAVYTEDSYPYASGEGISPPCTTSGHTVGATITGHVELPQDEAQIAAWLAVNGPVAVAVDASSWMTYTGGVMTSCVSEQLDHGVLLVGYNDGAAVPYWIIKNSWTTQWGEEGYIRIAKGSNQCLVKEEASSAVVGHHHHHH,6.85,CHEMBL1135476
C/C(=N\N=C(\N)S)c1cccc(C(F)(F)F)c1,APAAVDWRARGAVTAVKDQGQCGSCWAFSAIGNVECQWFLAGHPLTNLAEQMLVSCDKTDSGCSGGLMNNAFEWIVQENNGAVYTEDSYPYASGEGISPPCTTSGHTVGATITGHVELPQDEAQIAAWLAVNGPVAVAVDASSWMTYTGGVMTSCVSEQLDHGVLLVGYNDGAAVPYWIIKNSWTTQWGEEGYIRIAKGSNQCLVKEEASSAVVGHHHHHH,6.77,CHEMBL1135476
NC(=S)N1CCC(c2cccc(Br)c2)=N1,APAAVDWRARGAVTAVKDQGQCGSCWAFSAIGNVECQWFLAGHPLTNLAEQMLVSCDKTDSGCSGGLMNNAFEWIVQENNGAVYTEDSYPYASGEGISPPCTTSGHTVGATITGHVELPQDEAQIAAWLAVNGPVAVAVDASSWMTYTGGVMTSCVSEQLDHGVLLVGYNDGAAVPYWIIKNSWTTQWGEEGYIRIAKGSNQCLVKEEASSAVVGHHHHHH,6.7,CHEMBL1135476
CC1CN(C(=N)S)N=C1c1cccc(Cl)c1,APAAVDWRARGAVTAVKDQGQCGSCWAFSAIGNVECQWFLAGHPLTNLAEQMLVSCDKTDSGCSGGLMNNAFEWIVQENNGAVYTEDSYPYASGEGISPPCTTSGHTVGATITGHVELPQDEAQIAAWLAVNGPVAVAVDASSWMTYTGGVMTSCVSEQLDHGVLLVGYNDGAAVPYWIIKNSWTTQWGEEGYIRIAKGSNQCLVKEEASSAVVGHHHHHH,6.64,CHEMBL1135476
NC(=S)N1CCC(c2cccc(Cl)c2)=N1,APAAVDWRARGAVTAVKDQGQCGSCWAFSAIGNVECQWFLAGHPLTNLAEQMLVSCDKTDSGCSGGLMNNAFEWIVQENNGAVYTEDSYPYASGEGISPPCTTSGHTVGATITGHVELPQDEAQIAAWLAVNGPVAVAVDASSWMTYTGGVMTSCVSEQLDHGVLLVGYNDGAAVPYWIIKNSWTTQWGEEGYIRIAKGSNQCLVKEEASSAVVGHHHHHH,6.57,CHEMBL1135476
N/C(S)=N/N=C/c1ccc(-c2ccc(Br)cc2)o1,APAAVDWRARGAVTAVKDQGQCGSCWAFSAIGNVECQWFLAGHPLTNLAEQMLVSCDKTDSGCSGGLMNNAFEWIVQENNGAVYTEDSYPYASGEGISPPCTTSGHTVGATITGHVELPQDEAQIAAWLAVNGPVAVAVDASSWMTYTGGVMTSCVSEQLDHGVLLVGYNDGAAVPYWIIKNSWTTQWGEEGYIRIAKGSNQCLVKEEASSAVVGHHHHHH,6.55,CHEMBL1135476
COc1ccccc1-c1ccc(/C=N/N=C(/N)S)o1,APAAVDWRARGAVTAVKDQGQCGSCWAFSAIGNVECQWFLAGHPLTNLAEQMLVSCDKTDSGCSGGLMNNAFEWIVQENNGAVYTEDSYPYASGEGISPPCTTSGHTVGATITGHVELPQDEAQIAAWLAVNGPVAVAVDASSWMTYTGGVMTSCVSEQLDHGVLLVGYNDGAAVPYWIIKNSWTTQWGEEGYIRIAKGSNQCLVKEEASSAVVGHHHHHH,6.55,CHEMBL1135476
O=C(CNC(=O)c1ccccc1)OC(C(=O)Nc1cc(C(F)(F)F)ccc1Cl)c1ccccc1,APAAVDWRARGAVTAVKDQGQCGSCWAFSAIGNVECQWFLAGHPLTNLAEQMLVSCDKTDSGCSGGLMNNAFEWIVQENNGAVYTEDSYPYASGEGISPPCTTSGHTVGATITGHVELPQDEAQIAAWLAVNGPVAVAVDASSWMTYTGGVMTSCVSEQLDHGVLLVGYNDGAAVPYWIIKNSWTTQWGEEGYIRIAKGSNQCLVKEEASSAVVGHHHHHH,6.52,CHEMBL1135476
N/C(S)=N/N=C/c1ccc(-c2ccc(Cl)cc2)o1,APAAVDWRARGAVTAVKDQGQCGSCWAFSAIGNVECQWFLAGHPLTNLAEQMLVSCDKTDSGCSGGLMNNAFEWIVQENNGAVYTEDSYPYASGEGISPPCTTSGHTVGATITGHVELPQDEAQIAAWLAVNGPVAVAVDASSWMTYTGGVMTSCVSEQLDHGVLLVGYNDGAAVPYWIIKNSWTTQWGEEGYIRIAKGSNQCLVKEEASSAVVGHHHHHH,6.52,CHEMBL1135476
N=C(S)N/N=C/c1cc(C(F)(F)F)cc(C(F)(F)F)c1,APAAVDWRARGAVTAVKDQGQCGSCWAFSAIGNVECQWFLAGHPLTNLAEQMLVSCDKTDSGCSGGLMNNAFEWIVQENNGAVYTEDSYPYASGEGISPPCTTSGHTVGATITGHVELPQDEAQIAAWLAVNGPVAVAVDASSWMTYTGGVMTSCVSEQLDHGVLLVGYNDGAAVPYWIIKNSWTTQWGEEGYIRIAKGSNQCLVKEEASSAVVGHHHHHH,6.5,CHEMBL1135476
N=C(S)N/N=C/c1cccc(C(F)(F)F)c1,APAAVDWRARGAVTAVKDQGQCGSCWAFSAIGNVECQWFLAGHPLTNLAEQMLVSCDKTDSGCSGGLMNNAFEWIVQENNGAVYTEDSYPYASGEGISPPCTTSGHTVGATITGHVELPQDEAQIAAWLAVNGPVAVAVDASSWMTYTGGVMTSCVSEQLDHGVLLVGYNDGAAVPYWIIKNSWTTQWGEEGYIRIAKGSNQCLVKEEASSAVVGHHHHHH,6.32,CHEMBL1135476
N/C(S)=N/N=C/c1cc(Cl)cc(Cl)c1,APAAVDWRARGAVTAVKDQGQCGSCWAFSAIGNVECQWFLAGHPLTNLAEQMLVSCDKTDSGCSGGLMNNAFEWIVQENNGAVYTEDSYPYASGEGISPPCTTSGHTVGATITGHVELPQDEAQIAAWLAVNGPVAVAVDASSWMTYTGGVMTSCVSEQLDHGVLLVGYNDGAAVPYWIIKNSWTTQWGEEGYIRIAKGSNQCLVKEEASSAVVGHHHHHH,6.25,CHEMBL1135476
COc1ccc2ccccc2c1/C=N/N=C(/N)S,APAAVDWRARGAVTAVKDQGQCGSCWAFSAIGNVECQWFLAGHPLTNLAEQMLVSCDKTDSGCSGGLMNNAFEWIVQENNGAVYTEDSYPYASGEGISPPCTTSGHTVGATITGHVELPQDEAQIAAWLAVNGPVAVAVDASSWMTYTGGVMTSCVSEQLDHGVLLVGYNDGAAVPYWIIKNSWTTQWGEEGYIRIAKGSNQCLVKEEASSAVVGHHHHHH,6.25,CHEMBL1135476
S=C(Nc1cccc(Cl)c1)N1CCC(c2cccc(Br)c2)=N1,APAAVDWRARGAVTAVKDQGQCGSCWAFSAIGNVECQWFLAGHPLTNLAEQMLVSCDKTDSGCSGGLMNNAFEWIVQENNGAVYTEDSYPYASGEGISPPCTTSGHTVGATITGHVELPQDEAQIAAWLAVNGPVAVAVDASSWMTYTGGVMTSCVSEQLDHGVLLVGYNDGAAVPYWIIKNSWTTQWGEEGYIRIAKGSNQCLVKEEASSAVVGHHHHHH,6,CHEMBL1135476
O=C(N[C@@H](Cc1ccccc1)C(=O)N[C@@H](CCc1ccccc1)C(=O)[C@@H]1CO1)OCc1ccccc1,APAAVDWRARGAVTAVKDQGQCGSCWAFSAIGNVECQWFLAGHPLTNLAEQMLVSCDKTDSGCSGGLMNNAFEWIVQENNGAVYTEDSYPYASGEGISPPCTTSGHTVGATITGHVELPQDEAQIAAWLAVNGPVAVAVDASSWMTYTGGVMTSCVSEQLDHGVLLVGYNDGAAVPYWIIKNSWTTQWGEEGYIRIAKGSNQCLVKEEASSAVVGHHHHHH,8,CHEMBL1140589
CCOC(=O)[C@H]1O[C@H]1C(=O)[C@H](CCc1ccccc1)NC(=O)[C@H](Cc1ccccc1)NC(=O)OCc1ccccc1,APAAVDWRARGAVTAVKDQGQCGSCWAFSAIGNVECQWFLAGHPLTNLAEQMLVSCDKTDSGCSGGLMNNAFEWIVQENNGAVYTEDSYPYASGEGISPPCTTSGHTVGATITGHVELPQDEAQIAAWLAVNGPVAVAVDASSWMTYTGGVMTSCVSEQLDHGVLLVGYNDGAAVPYWIIKNSWTTQWGEEGYIRIAKGSNQCLVKEEASSAVVGHHHHHH,7.7,CHEMBL1140589
CCOC(=O)[C@@H]1O[C@@H]1C(=O)[C@H](CCc1ccccc1)NC(=O)[C@H](Cc1ccccc1)NC(=O)OCc1ccccc1,APAAVDWRARGAVTAVKDQGQCGSCWAFSAIGNVECQWFLAGHPLTNLAEQMLVSCDKTDSGCSGGLMNNAFEWIVQENNGAVYTEDSYPYASGEGISPPCTTSGHTVGATITGHVELPQDEAQIAAWLAVNGPVAVAVDASSWMTYTGGVMTSCVSEQLDHGVLLVGYNDGAAVPYWIIKNSWTTQWGEEGYIRIAKGSNQCLVKEEASSAVVGHHHHHH,7.3,CHEMBL1140589
O=C(N[C@@H](Cc1ccccc1)C(=O)N[C@@H](CCc1ccccc1)C(=O)[C@H]1CO1)OCc1ccccc1,APAAVDWRARGAVTAVKDQGQCGSCWAFSAIGNVECQWFLAGHPLTNLAEQMLVSCDKTDSGCSGGLMNNAFEWIVQENNGAVYTEDSYPYASGEGISPPCTTSGHTVGATITGHVELPQDEAQIAAWLAVNGPVAVAVDASSWMTYTGGVMTSCVSEQLDHGVLLVGYNDGAAVPYWIIKNSWTTQWGEEGYIRIAKGSNQCLVKEEASSAVVGHHHHHH,6,CHEMBL1140589
Cc1ccc(C)n1C(Cc1ccccc1)C(=O)O,APAAVDWRARGAVTAVKDQGQCGSCWAFSAIGNVECQWFLAGHPLTNLAEQMLVSCDKTDSGCSGGLMNNAFEWIVQENNGAVYTEDSYPYASGEGISPPCTTSGHTVGATITGHVELPQDEAQIAAWLAVNGPVAVAVDASSWMTYTGGVMTSCVSEQLDHGVLLVGYNDGAAVPYWIIKNSWTTQWGEEGYIRIAKGSNQCLVKEEASSAVVGHHHHHH,6,CHEMBL1142414
CC(C)[C@H](NC(=O)OC(C)(C)C)c1nnc(S(=O)(=O)Cc2c(F)cccc2Cl)o1,APAAVDWRARGAVTAVKDQGQCGSCWAFSAIGNVECQWFLAGHPLTNLAEQMLVSCDKTDSGCSGGLMNNAFEWIVQENNGAVYTEDSYPYASGEGISPPCTTSGHTVGATITGHVELPQDEAQIAAWLAVNGPVAVAVDASSWMTYTGGVMTSCVSEQLDHGVLLVGYNDGAAVPYWIIKNSWTTQWGEEGYIRIAKGSNQCLVKEEASSAVVGHHHHHH,6,CHEMBL1142414
CCOC(=O)SC1=N/C(=C/c2ccc(N(C)C)cc2)C(=O)S1,APAAVDWRARGAVTAVKDQGQCGSCWAFSAIGNVECQWFLAGHPLTNLAEQMLVSCDKTDSGCSGGLMNNAFEWIVQENNGAVYTEDSYPYASGEGISPPCTTSGHTVGATITGHVELPQDEAQIAAWLAVNGPVAVAVDASSWMTYTGGVMTSCVSEQLDHGVLLVGYNDGAAVPYWIIKNSWTTQWGEEGYIRIAKGSNQCLVKEEASSAVVGHHHHHH,6,CHEMBL1142414
CCOC(=O)C1=C(c2ccccc2)NC(SCC(=O)Nc2ccc(C)cc2)=C(C#N)C1c1ccco1,APAAVDWRARGAVTAVKDQGQCGSCWAFSAIGNVECQWFLAGHPLTNLAEQMLVSCDKTDSGCSGGLMNNAFEWIVQENNGAVYTEDSYPYASGEGISPPCTTSGHTVGATITGHVELPQDEAQIAAWLAVNGPVAVAVDASSWMTYTGGVMTSCVSEQLDHGVLLVGYNDGAAVPYWIIKNSWTTQWGEEGYIRIAKGSNQCLVKEEASSAVVGHHHHHH,6,CHEMBL1142414
CCCC/C(=N\NC(N)=S)c1ccc(Cl)c(Cl)c1,APAAVDWRARGAVTAVKDQGQCGSCWAFSAIGNVECQWFLAGHPLTNLAEQMLVSCDKTDSGCSGGLMNNAFEWIVQENNGAVYTEDSYPYASGEGISPPCTTSGHTVGATITGHVELPQDEAQIAAWLAVNGPVAVAVDASSWMTYTGGVMTSCVSEQLDHGVLLVGYNDGAAVPYWIIKNSWTTQWGEEGYIRIAKGSNQCLVKEEASSAVVGHHHHHH,7.72,CHEMBL1144459
N/C(S)=N/N=C(\C=C\c1ccccc1)c1ccc(Cl)c(Cl)c1,APAAVDWRARGAVTAVKDQGQCGSCWAFSAIGNVECQWFLAGHPLTNLAEQMLVSCDKTDSGCSGGLMNNAFEWIVQENNGAVYTEDSYPYASGEGISPPCTTSGHTVGATITGHVELPQDEAQIAAWLAVNGPVAVAVDASSWMTYTGGVMTSCVSEQLDHGVLLVGYNDGAAVPYWIIKNSWTTQWGEEGYIRIAKGSNQCLVKEEASSAVVGHHHHHH,7.52,CHEMBL1144459
N/C(S)=N/N=C(\COc1ccccc1)c1ccc(Cl)c(Cl)c1,APAAVDWRARGAVTAVKDQGQCGSCWAFSAIGNVECQWFLAGHPLTNLAEQMLVSCDKTDSGCSGGLMNNAFEWIVQENNGAVYTEDSYPYASGEGISPPCTTSGHTVGATITGHVELPQDEAQIAAWLAVNGPVAVAVDASSWMTYTGGVMTSCVSEQLDHGVLLVGYNDGAAVPYWIIKNSWTTQWGEEGYIRIAKGSNQCLVKEEASSAVVGHHHHHH,7.52,CHEMBL1144459
N/C(S)=N/N=C(/c1ccc(Cl)c(Cl)c1)C1CC1c1ccccc1,APAAVDWRARGAVTAVKDQGQCGSCWAFSAIGNVECQWFLAGHPLTNLAEQMLVSCDKTDSGCSGGLMNNAFEWIVQENNGAVYTEDSYPYASGEGISPPCTTSGHTVGATITGHVELPQDEAQIAAWLAVNGPVAVAVDASSWMTYTGGVMTSCVSEQLDHGVLLVGYNDGAAVPYWIIKNSWTTQWGEEGYIRIAKGSNQCLVKEEASSAVVGHHHHHH,7.52,CHEMBL1144459
N#Cc1nc(Nc2ccc(F)cc2)nc(NC2CCCC2)n1,APAAVDWRARGAVTAVKDQGQCGSCWAFSAIGNVECQWFLAGHPLTNLAEQMLVSCDKTDSGCSGGLMNNAFEWIVQENNGAVYTEDSYPYASGEGISPPCTTSGHTVGATITGHVELPQDEAQIAAWLAVNGPVAVAVDASSWMTYTGGVMTSCVSEQLDHGVLLVGYNDGAAVPYWIIKNSWTTQWGEEGYIRIAKGSNQCLVKEEASSAVVGHHHHHH,7.52,CHEMBL1144459
Cc1cccc(Nc2nc(C#N)nc(NC3CCCC3)n2)c1,APAAVDWRARGAVTAVKDQGQCGSCWAFSAIGNVECQWFLAGHPLTNLAEQMLVSCDKTDSGCSGGLMNNAFEWIVQENNGAVYTEDSYPYASGEGISPPCTTSGHTVGATITGHVELPQDEAQIAAWLAVNGPVAVAVDASSWMTYTGGVMTSCVSEQLDHGVLLVGYNDGAAVPYWIIKNSWTTQWGEEGYIRIAKGSNQCLVKEEASSAVVGHHHHHH,7.52,CHEMBL1144459
Cc1ccc(/C(=N\N=C(\N)S)c2ccc(Cl)c(Cl)c2)cc1,APAAVDWRARGAVTAVKDQGQCGSCWAFSAIGNVECQWFLAGHPLTNLAEQMLVSCDKTDSGCSGGLMNNAFEWIVQENNGAVYTEDSYPYASGEGISPPCTTSGHTVGATITGHVELPQDEAQIAAWLAVNGPVAVAVDASSWMTYTGGVMTSCVSEQLDHGVLLVGYNDGAAVPYWIIKNSWTTQWGEEGYIRIAKGSNQCLVKEEASSAVVGHHHHHH,7.4,CHEMBL1144459
N/C(S)=N/N=C(\CCc1ccccc1)c1ccc(Cl)c(Cl)c1,APAAVDWRARGAVTAVKDQGQCGSCWAFSAIGNVECQWFLAGHPLTNLAEQMLVSCDKTDSGCSGGLMNNAFEWIVQENNGAVYTEDSYPYASGEGISPPCTTSGHTVGATITGHVELPQDEAQIAAWLAVNGPVAVAVDASSWMTYTGGVMTSCVSEQLDHGVLLVGYNDGAAVPYWIIKNSWTTQWGEEGYIRIAKGSNQCLVKEEASSAVVGHHHHHH,7.4,CHEMBL1144459
COc1ccc(-c2csc(N/N=C(\C)c3ccccn3)n2)cc1,APAAVDWRARGAVTAVKDQGQCGSCWAFSAIGNVECQWFLAGHPLTNLAEQMLVSCDKTDSGCSGGLMNNAFEWIVQENNGAVYTEDSYPYASGEGISPPCTTSGHTVGATITGHVELPQDEAQIAAWLAVNGPVAVAVDASSWMTYTGGVMTSCVSEQLDHGVLLVGYNDGAAVPYWIIKNSWTTQWGEEGYIRIAKGSNQCLVKEEASSAVVGHHHHHH,7.4,CHEMBL1144459
N#Cc1nc(Nc2cccc(C(F)(F)F)c2)nc(NC2CCCC2)n1,APAAVDWRARGAVTAVKDQGQCGSCWAFSAIGNVECQWFLAGHPLTNLAEQMLVSCDKTDSGCSGGLMNNAFEWIVQENNGAVYTEDSYPYASGEGISPPCTTSGHTVGATITGHVELPQDEAQIAAWLAVNGPVAVAVDASSWMTYTGGVMTSCVSEQLDHGVLLVGYNDGAAVPYWIIKNSWTTQWGEEGYIRIAKGSNQCLVKEEASSAVVGHHHHHH,7.4,CHEMBL1144459
N/C(S)=N/N=C(\Cc1ccccc1)c1ccc(Cl)c(Cl)c1,APAAVDWRARGAVTAVKDQGQCGSCWAFSAIGNVECQWFLAGHPLTNLAEQMLVSCDKTDSGCSGGLMNNAFEWIVQENNGAVYTEDSYPYASGEGISPPCTTSGHTVGATITGHVELPQDEAQIAAWLAVNGPVAVAVDASSWMTYTGGVMTSCVSEQLDHGVLLVGYNDGAAVPYWIIKNSWTTQWGEEGYIRIAKGSNQCLVKEEASSAVVGHHHHHH,7.1,CHEMBL1144459
CCCNc1nc(C#N)nc(Nc2ccccc2)n1,APAAVDWRARGAVTAVKDQGQCGSCWAFSAIGNVECQWFLAGHPLTNLAEQMLVSCDKTDSGCSGGLMNNAFEWIVQENNGAVYTEDSYPYASGEGISPPCTTSGHTVGATITGHVELPQDEAQIAAWLAVNGPVAVAVDASSWMTYTGGVMTSCVSEQLDHGVLLVGYNDGAAVPYWIIKNSWTTQWGEEGYIRIAKGSNQCLVKEEASSAVVGHHHHHH,6.1,CHEMBL1145324
C=CC(=O)C1=CCCc2ccc(Br)cc21,APAAVDWRARGAVTAVKDQGQCGSCWAFSAIGNVECQWFLAGHPLTNLAEQMLVSCDKTDSGCSGGLMNNAFEWIVQENNGAVYTEDSYPYASGEGISPPCTTSGHTVGATITGHVELPQDEAQIAAWLAVNGPVAVAVDASSWMTYTGGVMTSCVSEQLDHGVLLVGYNDGAAVPYWIIKNSWTTQWGEEGYIRIAKGSNQCLVKEEASSAVVGHHHHHH,6.1,CHEMBL1145324
NC(=S)N/N=C1\CCS(=O)(=O)c2c(Br)cc(Br)cc21,APAAVDWRARGAVTAVKDQGQCGSCWAFSAIGNVECQWFLAGHPLTNLAEQMLVSCDKTDSGCSGGLMNNAFEWIVQENNGAVYTEDSYPYASGEGISPPCTTSGHTVGATITGHVELPQDEAQIAAWLAVNGPVAVAVDASSWMTYTGGVMTSCVSEQLDHGVLLVGYNDGAAVPYWIIKNSWTTQWGEEGYIRIAKGSNQCLVKEEASSAVVGHHHHHH,6.09,CHEMBL1145324
NC(=S)/N=N/c1c(O)[nH]c2ccc(I)cc12,APAAVDWRARGAVTAVKDQGQCGSCWAFSAIGNVECQWFLAGHPLTNLAEQMLVSCDKTDSGCSGGLMNNAFEWIVQENNGAVYTEDSYPYASGEGISPPCTTSGHTVGATITGHVELPQDEAQIAAWLAVNGPVAVAVDASSWMTYTGGVMTSCVSEQLDHGVLLVGYNDGAAVPYWIIKNSWTTQWGEEGYIRIAKGSNQCLVKEEASSAVVGHHHHHH,6,CHEMBL1145878
C/C(=N\N=C(\N)S)c1cccc(Br)c1,APAAVDWRARGAVTAVKDQGQCGSCWAFSAIGNVECQWFLAGHPLTNLAEQMLVSCDKTDSGCSGGLMNNAFEWIVQENNGAVYTEDSYPYASGEGISPPCTTSGHTVGATITGHVELPQDEAQIAAWLAVNGPVAVAVDASSWMTYTGGVMTSCVSEQLDHGVLLVGYNDGAAVPYWIIKNSWTTQWGEEGYIRIAKGSNQCLVKEEASSAVVGHHHHHH,7.22,CHEMBL1148328
O=C(N[C@H](/C=C/S(=O)(=O)c1ccccc1)CCc1ccccc1)[C@@H]1CCCC[C@H]1C(=O)c1ccc(Cl)cc1,APAAVDWRARGAVTAVKDQGQCGSCWAFSAIGNVECQWFLAGHPLTNLAEQMLVSCDKTDSGCSGGLMNNAFEWIVQENNGAVYTEDSYPYASGEGISPPCTTSGHTVGATITGHVELPQDEAQIAAWLAVNGPVAVAVDASSWMTYTGGVMTSCVSEQLDHGVLLVGYNDGAAVPYWIIKNSWTTQWGEEGYIRIAKGSNQCLVKEEASSAVVGHHHHHH,7.3,CHEMBL1154298
Cc1nc(-c2cnccn2)sc1C(=O)N[C@H](/C=C/S(=O)(=O)c1ccccc1)CCc1ccccc1,APAAVDWRARGAVTAVKDQGQCGSCWAFSAIGNVECQWFLAGHPLTNLAEQMLVSCDKTDSGCSGGLMNNAFEWIVQENNGAVYTEDSYPYASGEGISPPCTTSGHTVGATITGHVELPQDEAQIAAWLAVNGPVAVAVDASSWMTYTGGVMTSCVSEQLDHGVLLVGYNDGAAVPYWIIKNSWTTQWGEEGYIRIAKGSNQCLVKEEASSAVVGHHHHHH,6,CHEMBL1154298
O=C(N[C@H](/C=C/S(=O)(=O)c1ccccc1)CCc1ccccc1)c1cc(-c2cccnc2)no1,APAAVDWRARGAVTAVKDQGQCGSCWAFSAIGNVECQWFLAGHPLTNLAEQMLVSCDKTDSGCSGGLMNNAFEWIVQENNGAVYTEDSYPYASGEGISPPCTTSGHTVGATITGHVELPQDEAQIAAWLAVNGPVAVAVDASSWMTYTGGVMTSCVSEQLDHGVLLVGYNDGAAVPYWIIKNSWTTQWGEEGYIRIAKGSNQCLVKEEASSAVVGHHHHHH,6,CHEMBL1154298
CCn1cnc2c(Nc3cc(F)cc(F)c3)nc(C#N)nc21,APAAVDWRARGAVTAVKDQGQCGSCWAFSAIGNVECQWFLAGHPLTNLAEQMLVSCDKTDSGCSGGLMNNAFEWIVQENNGAVYTEDSYPYASGEGISPPCTTSGHTVGATITGHVELPQDEAQIAAWLAVNGPVAVAVDASSWMTYTGGVMTSCVSEQLDHGVLLVGYNDGAAVPYWIIKNSWTTQWGEEGYIRIAKGSNQCLVKEEASSAVVGHHHHHH,9.7,CHEMBL1156759
N#Cc1nc(Nc2cccc(Cl)c2)c2ncn(C3CCCC3)c2n1,APAAVDWRARGAVTAVKDQGQCGSCWAFSAIGNVECQWFLAGHPLTNLAEQMLVSCDKTDSGCSGGLMNNAFEWIVQENNGAVYTEDSYPYASGEGISPPCTTSGHTVGATITGHVELPQDEAQIAAWLAVNGPVAVAVDASSWMTYTGGVMTSCVSEQLDHGVLLVGYNDGAAVPYWIIKNSWTTQWGEEGYIRIAKGSNQCLVKEEASSAVVGHHHHHH,9.52,CHEMBL1156759
CCn1cnc2c(Nc3cccc(Cl)c3)nc(C#N)nc21,APAAVDWRARGAVTAVKDQGQCGSCWAFSAIGNVECQWFLAGHPLTNLAEQMLVSCDKTDSGCSGGLMNNAFEWIVQENNGAVYTEDSYPYASGEGISPPCTTSGHTVGATITGHVELPQDEAQIAAWLAVNGPVAVAVDASSWMTYTGGVMTSCVSEQLDHGVLLVGYNDGAAVPYWIIKNSWTTQWGEEGYIRIAKGSNQCLVKEEASSAVVGHHHHHH,9.4,CHEMBL1156759
N#Cc1nc(NCC(F)F)nc(Nc2cc(F)cc(F)c2)n1,APAAVDWRARGAVTAVKDQGQCGSCWAFSAIGNVECQWFLAGHPLTNLAEQMLVSCDKTDSGCSGGLMNNAFEWIVQENNGAVYTEDSYPYASGEGISPPCTTSGHTVGATITGHVELPQDEAQIAAWLAVNGPVAVAVDASSWMTYTGGVMTSCVSEQLDHGVLLVGYNDGAAVPYWIIKNSWTTQWGEEGYIRIAKGSNQCLVKEEASSAVVGHHHHHH,9,CHEMBL1156759
N#Cc1nc(Nc2cccc([N+](=O)[O-])c2)nc(NC2CCCC2)n1,APAAVDWRARGAVTAVKDQGQCGSCWAFSAIGNVECQWFLAGHPLTNLAEQMLVSCDKTDSGCSGGLMNNAFEWIVQENNGAVYTEDSYPYASGEGISPPCTTSGHTVGATITGHVELPQDEAQIAAWLAVNGPVAVAVDASSWMTYTGGVMTSCVSEQLDHGVLLVGYNDGAAVPYWIIKNSWTTQWGEEGYIRIAKGSNQCLVKEEASSAVVGHHHHHH,9,CHEMBL1156759
N#Cc1nc(Nc2cccc(Br)c2)nc(NC2CCCC2)n1,APAAVDWRARGAVTAVKDQGQCGSCWAFSAIGNVECQWFLAGHPLTNLAEQMLVSCDKTDSGCSGGLMNNAFEWIVQENNGAVYTEDSYPYASGEGISPPCTTSGHTVGATITGHVELPQDEAQIAAWLAVNGPVAVAVDASSWMTYTGGVMTSCVSEQLDHGVLLVGYNDGAAVPYWIIKNSWTTQWGEEGYIRIAKGSNQCLVKEEASSAVVGHHHHHH,8.7,CHEMBL1156759
N#Cc1nc(Nc2cccc(Cl)c2)nc(NC2CCCC2)n1,APAAVDWRARGAVTAVKDQGQCGSCWAFSAIGNVECQWFLAGHPLTNLAEQMLVSCDKTDSGCSGGLMNNAFEWIVQENNGAVYTEDSYPYASGEGISPPCTTSGHTVGATITGHVELPQDEAQIAAWLAVNGPVAVAVDASSWMTYTGGVMTSCVSEQLDHGVLLVGYNDGAAVPYWIIKNSWTTQWGEEGYIRIAKGSNQCLVKEEASSAVVGHHHHHH,8.7,CHEMBL1156759
N#Cc1nc(Nc2cc(F)cc(F)c2)nc(NC2CCCC2)n1,APAAVDWRARGAVTAVKDQGQCGSCWAFSAIGNVECQWFLAGHPLTNLAEQMLVSCDKTDSGCSGGLMNNAFEWIVQENNGAVYTEDSYPYASGEGISPPCTTSGHTVGATITGHVELPQDEAQIAAWLAVNGPVAVAVDASSWMTYTGGVMTSCVSEQLDHGVLLVGYNDGAAVPYWIIKNSWTTQWGEEGYIRIAKGSNQCLVKEEASSAVVGHHHHHH,8.4,CHEMBL1156759
N#Cc1nc(Nc2cccc(F)c2)nc(NC2CCCC2)n1,APAAVDWRARGAVTAVKDQGQCGSCWAFSAIGNVECQWFLAGHPLTNLAEQMLVSCDKTDSGCSGGLMNNAFEWIVQENNGAVYTEDSYPYASGEGISPPCTTSGHTVGATITGHVELPQDEAQIAAWLAVNGPVAVAVDASSWMTYTGGVMTSCVSEQLDHGVLLVGYNDGAAVPYWIIKNSWTTQWGEEGYIRIAKGSNQCLVKEEASSAVVGHHHHHH,8,CHEMBL1156759
N#Cc1nc(Nc2cc(Cl)cc(Cl)c2)nc(NC2CCCC2)n1,APAAVDWRARGAVTAVKDQGQCGSCWAFSAIGNVECQWFLAGHPLTNLAEQMLVSCDKTDSGCSGGLMNNAFEWIVQENNGAVYTEDSYPYASGEGISPPCTTSGHTVGATITGHVELPQDEAQIAAWLAVNGPVAVAVDASSWMTYTGGVMTSCVSEQLDHGVLLVGYNDGAAVPYWIIKNSWTTQWGEEGYIRIAKGSNQCLVKEEASSAVVGHHHHHH,8,CHEMBL1156759
N#Cc1nc(Nc2cc(F)cc(F)c2)c2ncn(CC(F)F)c2n1,APAAVDWRARGAVTAVKDQGQCGSCWAFSAIGNVECQWFLAGHPLTNLAEQMLVSCDKTDSGCSGGLMNNAFEWIVQENNGAVYTEDSYPYASGEGISPPCTTSGHTVGATITGHVELPQDEAQIAAWLAVNGPVAVAVDASSWMTYTGGVMTSCVSEQLDHGVLLVGYNDGAAVPYWIIKNSWTTQWGEEGYIRIAKGSNQCLVKEEASSAVVGHHHHHH,7.89,CHEMBL1156759
N#Cc1nc(Nc2cc(F)cc(F)c2)c2ncn(C3CCCC3)c2n1,APAAVDWRARGAVTAVKDQGQCGSCWAFSAIGNVECQWFLAGHPLTNLAEQMLVSCDKTDSGCSGGLMNNAFEWIVQENNGAVYTEDSYPYASGEGISPPCTTSGHTVGATITGHVELPQDEAQIAAWLAVNGPVAVAVDASSWMTYTGGVMTSCVSEQLDHGVLLVGYNDGAAVPYWIIKNSWTTQWGEEGYIRIAKGSNQCLVKEEASSAVVGHHHHHH,7.75,CHEMBL1156759
N#Cc1nc(Nc2cccc(-c3ccccc3)c2)nc(NC2CCCC2)n1,APAAVDWRARGAVTAVKDQGQCGSCWAFSAIGNVECQWFLAGHPLTNLAEQMLVSCDKTDSGCSGGLMNNAFEWIVQENNGAVYTEDSYPYASGEGISPPCTTSGHTVGATITGHVELPQDEAQIAAWLAVNGPVAVAVDASSWMTYTGGVMTSCVSEQLDHGVLLVGYNDGAAVPYWIIKNSWTTQWGEEGYIRIAKGSNQCLVKEEASSAVVGHHHHHH,7.3,CHEMBL1156759
N#Cc1nc(NCC(F)F)c2ncn(-c3cc(F)cc(F)c3)c2n1,APAAVDWRARGAVTAVKDQGQCGSCWAFSAIGNVECQWFLAGHPLTNLAEQMLVSCDKTDSGCSGGLMNNAFEWIVQENNGAVYTEDSYPYASGEGISPPCTTSGHTVGATITGHVELPQDEAQIAAWLAVNGPVAVAVDASSWMTYTGGVMTSCVSEQLDHGVLLVGYNDGAAVPYWIIKNSWTTQWGEEGYIRIAKGSNQCLVKEEASSAVVGHHHHHH,7.3,CHEMBL1156759
N#Cc1nc(Nc2ccc(Br)cc2)nc(NC2CCCC2)n1,APAAVDWRARGAVTAVKDQGQCGSCWAFSAIGNVECQWFLAGHPLTNLAEQMLVSCDKTDSGCSGGLMNNAFEWIVQENNGAVYTEDSYPYASGEGISPPCTTSGHTVGATITGHVELPQDEAQIAAWLAVNGPVAVAVDASSWMTYTGGVMTSCVSEQLDHGVLLVGYNDGAAVPYWIIKNSWTTQWGEEGYIRIAKGSNQCLVKEEASSAVVGHHHHHH,7.22,CHEMBL1156759
CCNc1nc(C#N)nc2c1ncn2-c1cccc(Cl)c1,APAAVDWRARGAVTAVKDQGQCGSCWAFSAIGNVECQWFLAGHPLTNLAEQMLVSCDKTDSGCSGGLMNNAFEWIVQENNGAVYTEDSYPYASGEGISPPCTTSGHTVGATITGHVELPQDEAQIAAWLAVNGPVAVAVDASSWMTYTGGVMTSCVSEQLDHGVLLVGYNDGAAVPYWIIKNSWTTQWGEEGYIRIAKGSNQCLVKEEASSAVVGHHHHHH,7.2,CHEMBL1156759
N#Cc1nc(N)nc(N(c2ccccc2)c2ccccc2)n1,APAAVDWRARGAVTAVKDQGQCGSCWAFSAIGNVECQWFLAGHPLTNLAEQMLVSCDKTDSGCSGGLMNNAFEWIVQENNGAVYTEDSYPYASGEGISPPCTTSGHTVGATITGHVELPQDEAQIAAWLAVNGPVAVAVDASSWMTYTGGVMTSCVSEQLDHGVLLVGYNDGAAVPYWIIKNSWTTQWGEEGYIRIAKGSNQCLVKEEASSAVVGHHHHHH,7.16,CHEMBL1156759
N#Cc1nc(NCC(F)F)c2ncn(-c3cccc(Cl)c3)c2n1,APAAVDWRARGAVTAVKDQGQCGSCWAFSAIGNVECQWFLAGHPLTNLAEQMLVSCDKTDSGCSGGLMNNAFEWIVQENNGAVYTEDSYPYASGEGISPPCTTSGHTVGATITGHVELPQDEAQIAAWLAVNGPVAVAVDASSWMTYTGGVMTSCVSEQLDHGVLLVGYNDGAAVPYWIIKNSWTTQWGEEGYIRIAKGSNQCLVKEEASSAVVGHHHHHH,7.15,CHEMBL1156759
CCOc1nc(C#N)nc(N2CCCCC2)n1,APAAVDWRARGAVTAVKDQGQCGSCWAFSAIGNVECQWFLAGHPLTNLAEQMLVSCDKTDSGCSGGLMNNAFEWIVQENNGAVYTEDSYPYASGEGISPPCTTSGHTVGATITGHVELPQDEAQIAAWLAVNGPVAVAVDASSWMTYTGGVMTSCVSEQLDHGVLLVGYNDGAAVPYWIIKNSWTTQWGEEGYIRIAKGSNQCLVKEEASSAVVGHHHHHH,7.05,CHEMBL1156759
CCNc1nc(C#N)nc2c1ncn2-c1cc(F)cc(F)c1,APAAVDWRARGAVTAVKDQGQCGSCWAFSAIGNVECQWFLAGHPLTNLAEQMLVSCDKTDSGCSGGLMNNAFEWIVQENNGAVYTEDSYPYASGEGISPPCTTSGHTVGATITGHVELPQDEAQIAAWLAVNGPVAVAVDASSWMTYTGGVMTSCVSEQLDHGVLLVGYNDGAAVPYWIIKNSWTTQWGEEGYIRIAKGSNQCLVKEEASSAVVGHHHHHH,6.6,CHEMBL1156759
N#Cc1nc(NC2CCCC2)c2ncn(-c3cc(F)cc(F)c3)c2n1,APAAVDWRARGAVTAVKDQGQCGSCWAFSAIGNVECQWFLAGHPLTNLAEQMLVSCDKTDSGCSGGLMNNAFEWIVQENNGAVYTEDSYPYASGEGISPPCTTSGHTVGATITGHVELPQDEAQIAAWLAVNGPVAVAVDASSWMTYTGGVMTSCVSEQLDHGVLLVGYNDGAAVPYWIIKNSWTTQWGEEGYIRIAKGSNQCLVKEEASSAVVGHHHHHH,6.5,CHEMBL1156759
N#Cc1nc(Nc2ccccc2)nc(NC2CCCC2)n1,APAAVDWRARGAVTAVKDQGQCGSCWAFSAIGNVECQWFLAGHPLTNLAEQMLVSCDKTDSGCSGGLMNNAFEWIVQENNGAVYTEDSYPYASGEGISPPCTTSGHTVGATITGHVELPQDEAQIAAWLAVNGPVAVAVDASSWMTYTGGVMTSCVSEQLDHGVLLVGYNDGAAVPYWIIKNSWTTQWGEEGYIRIAKGSNQCLVKEEASSAVVGHHHHHH,6.15,CHEMBL1156759
CCNc1nc(C#N)nc(Nc2ccccc2)n1,APAAVDWRARGAVTAVKDQGQCGSCWAFSAIGNVECQWFLAGHPLTNLAEQMLVSCDKTDSGCSGGLMNNAFEWIVQENNGAVYTEDSYPYASGEGISPPCTTSGHTVGATITGHVELPQDEAQIAAWLAVNGPVAVAVDASSWMTYTGGVMTSCVSEQLDHGVLLVGYNDGAAVPYWIIKNSWTTQWGEEGYIRIAKGSNQCLVKEEASSAVVGHHHHHH,6.15,CHEMBL1156759
CC(C)CNc1nc(C#N)nc(Nc2ccccc2)n1,APAAVDWRARGAVTAVKDQGQCGSCWAFSAIGNVECQWFLAGHPLTNLAEQMLVSCDKTDSGCSGGLMNNAFEWIVQENNGAVYTEDSYPYASGEGISPPCTTSGHTVGATITGHVELPQDEAQIAAWLAVNGPVAVAVDASSWMTYTGGVMTSCVSEQLDHGVLLVGYNDGAAVPYWIIKNSWTTQWGEEGYIRIAKGSNQCLVKEEASSAVVGHHHHHH,6.05,CHEMBL1156759
CCCCNc1nc(C#N)nc(Nc2ccccc2)n1,APAAVDWRARGAVTAVKDQGQCGSCWAFSAIGNVECQWFLAGHPLTNLAEQMLVSCDKTDSGCSGGLMNNAFEWIVQENNGAVYTEDSYPYASGEGISPPCTTSGHTVGATITGHVELPQDEAQIAAWLAVNGPVAVAVDASSWMTYTGGVMTSCVSEQLDHGVLLVGYNDGAAVPYWIIKNSWTTQWGEEGYIRIAKGSNQCLVKEEASSAVVGHHHHHH,6.05,CHEMBL1156759
CC(C)Nc1nc(C#N)nc(Nc2ccccc2)n1,APAAVDWRARGAVTAVKDQGQCGSCWAFSAIGNVECQWFLAGHPLTNLAEQMLVSCDKTDSGCSGGLMNNAFEWIVQENNGAVYTEDSYPYASGEGISPPCTTSGHTVGATITGHVELPQDEAQIAAWLAVNGPVAVAVDASSWMTYTGGVMTSCVSEQLDHGVLLVGYNDGAAVPYWIIKNSWTTQWGEEGYIRIAKGSNQCLVKEEASSAVVGHHHHHH,6.05,CHEMBL1156759
N#Cc1nc(NCC2CC2)nc(Nc2ccccc2)n1,APAAVDWRARGAVTAVKDQGQCGSCWAFSAIGNVECQWFLAGHPLTNLAEQMLVSCDKTDSGCSGGLMNNAFEWIVQENNGAVYTEDSYPYASGEGISPPCTTSGHTVGATITGHVELPQDEAQIAAWLAVNGPVAVAVDASSWMTYTGGVMTSCVSEQLDHGVLLVGYNDGAAVPYWIIKNSWTTQWGEEGYIRIAKGSNQCLVKEEASSAVVGHHHHHH,6.05,CHEMBL1156759
N#Cc1nc(NCCCCO)nc(Nc2ccccc2)n1,APAAVDWRARGAVTAVKDQGQCGSCWAFSAIGNVECQWFLAGHPLTNLAEQMLVSCDKTDSGCSGGLMNNAFEWIVQENNGAVYTEDSYPYASGEGISPPCTTSGHTVGATITGHVELPQDEAQIAAWLAVNGPVAVAVDASSWMTYTGGVMTSCVSEQLDHGVLLVGYNDGAAVPYWIIKNSWTTQWGEEGYIRIAKGSNQCLVKEEASSAVVGHHHHHH,6.05,CHEMBL1156759
C/C(=N\Nc1nc(-c2ccc(F)cc2)cs1)c1ccccn1,APAAVDWRARGAVTAVKDQGQCGSCWAFSAIGNVECQWFLAGHPLTNLAEQMLVSCDKTDSGCSGGLMNNAFEWIVQENNGAVYTEDSYPYASGEGISPPCTTSGHTVGATITGHVELPQDEAQIAAWLAVNGPVAVAVDASSWMTYTGGVMTSCVSEQLDHGVLLVGYNDGAAVPYWIIKNSWTTQWGEEGYIRIAKGSNQCLVKEEASSAVVGHHHHHH,6.52,CHEMBL1177731
Cc1cc(C(=O)NCC(=O)OC(C(=O)Nc2cc(C(F)(F)F)ccc2Cl)c2ccccc2)ccc1[N+](=O)[O-],APAAVDWRARGAVTAVKDQGQCGSCWAFSAIGNVECQWFLAGHPLTNLAEQMLVSCDKTDSGCSGGLMNNAFEWIVQENNGAVYTEDSYPYASGEGISPPCTTSGHTVGATITGHVELPQDEAQIAAWLAVNGPVAVAVDASSWMTYTGGVMTSCVSEQLDHGVLLVGYNDGAAVPYWIIKNSWTTQWGEEGYIRIAKGSNQCLVKEEASSAVVGHHHHHH,6.4,CHEMBL1177731
O=C(CNC(=O)c1ccc(Cl)cc1)OCC(=O)c1ccc2c(c1)OCCO2,APAAVDWRARGAVTAVKDQGQCGSCWAFSAIGNVECQWFLAGHPLTNLAEQMLVSCDKTDSGCSGGLMNNAFEWIVQENNGAVYTEDSYPYASGEGISPPCTTSGHTVGATITGHVELPQDEAQIAAWLAVNGPVAVAVDASSWMTYTGGVMTSCVSEQLDHGVLLVGYNDGAAVPYWIIKNSWTTQWGEEGYIRIAKGSNQCLVKEEASSAVVGHHHHHH,6.3,CHEMBL1177731
Cc1ccccc1OCC(=O)NCC(=O)OCC(=O)c1ccc2ccccc2c1,APAAVDWRARGAVTAVKDQGQCGSCWAFSAIGNVECQWFLAGHPLTNLAEQMLVSCDKTDSGCSGGLMNNAFEWIVQENNGAVYTEDSYPYASGEGISPPCTTSGHTVGATITGHVELPQDEAQIAAWLAVNGPVAVAVDASSWMTYTGGVMTSCVSEQLDHGVLLVGYNDGAAVPYWIIKNSWTTQWGEEGYIRIAKGSNQCLVKEEASSAVVGHHHHHH,6.16,CHEMBL1177731
O=C(CNC(=O)c1ccc(Cl)cc1)OC(C(=O)Nc1ccc(Cl)cc1C(F)(F)F)c1ccccc1,APAAVDWRARGAVTAVKDQGQCGSCWAFSAIGNVECQWFLAGHPLTNLAEQMLVSCDKTDSGCSGGLMNNAFEWIVQENNGAVYTEDSYPYASGEGISPPCTTSGHTVGATITGHVELPQDEAQIAAWLAVNGPVAVAVDASSWMTYTGGVMTSCVSEQLDHGVLLVGYNDGAAVPYWIIKNSWTTQWGEEGYIRIAKGSNQCLVKEEASSAVVGHHHHHH,6.16,CHEMBL1177731
COc1ccc(Cl)cc1NC(=O)COC(=O)C(CC(C)C)N1C(=O)C2CC=CCC2C1=O,APAAVDWRARGAVTAVKDQGQCGSCWAFSAIGNVECQWFLAGHPLTNLAEQMLVSCDKTDSGCSGGLMNNAFEWIVQENNGAVYTEDSYPYASGEGISPPCTTSGHTVGATITGHVELPQDEAQIAAWLAVNGPVAVAVDASSWMTYTGGVMTSCVSEQLDHGVLLVGYNDGAAVPYWIIKNSWTTQWGEEGYIRIAKGSNQCLVKEEASSAVVGHHHHHH,6,CHEMBL1177731
CC1S/C(=N/N=C/CCSc2ccccc2)NC1=S,APAAVDWRARGAVTAVKDQGQCGSCWAFSAIGNVECQWFLAGHPLTNLAEQMLVSCDKTDSGCSGGLMNNAFEWIVQENNGAVYTEDSYPYASGEGISPPCTTSGHTVGATITGHVELPQDEAQIAAWLAVNGPVAVAVDASSWMTYTGGVMTSCVSEQLDHGVLLVGYNDGAAVPYWIIKNSWTTQWGEEGYIRIAKGSNQCLVKEEASSAVVGHHHHHH,7.22,CHEMBL1275380
CC1S/C(=N/N=C/CCSc2ccc(Cl)cc2)NC1=O,APAAVDWRARGAVTAVKDQGQCGSCWAFSAIGNVECQWFLAGHPLTNLAEQMLVSCDKTDSGCSGGLMNNAFEWIVQENNGAVYTEDSYPYASGEGISPPCTTSGHTVGATITGHVELPQDEAQIAAWLAVNGPVAVAVDASSWMTYTGGVMTSCVSEQLDHGVLLVGYNDGAAVPYWIIKNSWTTQWGEEGYIRIAKGSNQCLVKEEASSAVVGHHHHHH,6.7,CHEMBL1275380
CC1S/C(=N/N=C/CCSc2ccccc2)NC1=O,APAAVDWRARGAVTAVKDQGQCGSCWAFSAIGNVECQWFLAGHPLTNLAEQMLVSCDKTDSGCSGGLMNNAFEWIVQENNGAVYTEDSYPYASGEGISPPCTTSGHTVGATITGHVELPQDEAQIAAWLAVNGPVAVAVDASSWMTYTGGVMTSCVSEQLDHGVLLVGYNDGAAVPYWIIKNSWTTQWGEEGYIRIAKGSNQCLVKEEASSAVVGHHHHHH,6.4,CHEMBL1275380
CS(=O)(=O)c1ccc(-c2ccc([C@H](N[C@@H](CC(Cl)Cl)C(=O)N[C@H](C#N)Cc3ccccc3)C(F)(F)F)cc2)cc1,APAAVDWRARGAVTAVKDQGQCGSCWAFSAIGNVECQWFLAGHPLTNLAEQMLVSCDKTDSGCSGGLMNNAFEWIVQENNGAVYTEDSYPYASGEGISPPCTTSGHTVGATITGHVELPQDEAQIAAWLAVNGPVAVAVDASSWMTYTGGVMTSCVSEQLDHGVLLVGYNDGAAVPYWIIKNSWTTQWGEEGYIRIAKGSNQCLVKEEASSAVVGHHHHHH,10,CHEMBL1287737
CC(C)C[C@H](N[C@@H](c1ccc(-c2ccc(S(C)(=O)=O)cc2)cc1)C(F)(F)F)C(=O)N[C@H](C#N)Cc1ccccc1,APAAVDWRARGAVTAVKDQGQCGSCWAFSAIGNVECQWFLAGHPLTNLAEQMLVSCDKTDSGCSGGLMNNAFEWIVQENNGAVYTEDSYPYASGEGISPPCTTSGHTVGATITGHVELPQDEAQIAAWLAVNGPVAVAVDASSWMTYTGGVMTSCVSEQLDHGVLLVGYNDGAAVPYWIIKNSWTTQWGEEGYIRIAKGSNQCLVKEEASSAVVGHHHHHH,9.7,CHEMBL1287737
CC(C)[C@H](N[C@@H](c1ccc(-c2ccc(S(C)(=O)=O)cc2)cc1)C(F)(F)F)C(=O)N[C@H](C#N)Cc1ccc(C#N)cc1F,APAAVDWRARGAVTAVKDQGQCGSCWAFSAIGNVECQWFLAGHPLTNLAEQMLVSCDKTDSGCSGGLMNNAFEWIVQENNGAVYTEDSYPYASGEGISPPCTTSGHTVGATITGHVELPQDEAQIAAWLAVNGPVAVAVDASSWMTYTGGVMTSCVSEQLDHGVLLVGYNDGAAVPYWIIKNSWTTQWGEEGYIRIAKGSNQCLVKEEASSAVVGHHHHHH,9.7,CHEMBL1287737
CC(C)[C@H](N[C@@H](c1ccc(-c2ccc(C3(C(N)=O)CC3)cc2)cc1)C(F)(F)F)C(=O)N[C@H](C#N)Cc1ccc(C#N)cc1F,APAAVDWRARGAVTAVKDQGQCGSCWAFSAIGNVECQWFLAGHPLTNLAEQMLVSCDKTDSGCSGGLMNNAFEWIVQENNGAVYTEDSYPYASGEGISPPCTTSGHTVGATITGHVELPQDEAQIAAWLAVNGPVAVAVDASSWMTYTGGVMTSCVSEQLDHGVLLVGYNDGAAVPYWIIKNSWTTQWGEEGYIRIAKGSNQCLVKEEASSAVVGHHHHHH,9.7,CHEMBL1287737
CC(C)[C@H](N[C@@H](c1ccc(-c2ccc([C@@H](O)C(F)F)cc2)cc1)C(F)(F)F)C(=O)N[C@H](C#N)Cc1ccc(C#N)cc1F,APAAVDWRARGAVTAVKDQGQCGSCWAFSAIGNVECQWFLAGHPLTNLAEQMLVSCDKTDSGCSGGLMNNAFEWIVQENNGAVYTEDSYPYASGEGISPPCTTSGHTVGATITGHVELPQDEAQIAAWLAVNGPVAVAVDASSWMTYTGGVMTSCVSEQLDHGVLLVGYNDGAAVPYWIIKNSWTTQWGEEGYIRIAKGSNQCLVKEEASSAVVGHHHHHH,9.4,CHEMBL1287737
CC(C)(F)C[C@H](N[C@@H](c1ccc(-c2ccc(S(C)(=O)=O)cc2)cc1)C(F)(F)F)C(=O)N[C@H](C#N)Cc1ccc(C#N)cc1F,APAAVDWRARGAVTAVKDQGQCGSCWAFSAIGNVECQWFLAGHPLTNLAEQMLVSCDKTDSGCSGGLMNNAFEWIVQENNGAVYTEDSYPYASGEGISPPCTTSGHTVGATITGHVELPQDEAQIAAWLAVNGPVAVAVDASSWMTYTGGVMTSCVSEQLDHGVLLVGYNDGAAVPYWIIKNSWTTQWGEEGYIRIAKGSNQCLVKEEASSAVVGHHHHHH,9,CHEMBL1287737
CC(C)C[C@H](N[C@@H](c1ccc(-c2ccc(N3CCNCC3)cc2)cc1)C(F)(F)F)C(=O)NCC#N,APAAVDWRARGAVTAVKDQGQCGSCWAFSAIGNVECQWFLAGHPLTNLAEQMLVSCDKTDSGCSGGLMNNAFEWIVQENNGAVYTEDSYPYASGEGISPPCTTSGHTVGATITGHVELPQDEAQIAAWLAVNGPVAVAVDASSWMTYTGGVMTSCVSEQLDHGVLLVGYNDGAAVPYWIIKNSWTTQWGEEGYIRIAKGSNQCLVKEEASSAVVGHHHHHH,8.74,CHEMBL1287737
CC(C)[C@H](N[C@@H](c1ccc(-c2ccc(S(C)(=O)=O)cc2)cc1)C(F)(F)F)C(=O)N[C@H](C#N)Cc1ccccc1,APAAVDWRARGAVTAVKDQGQCGSCWAFSAIGNVECQWFLAGHPLTNLAEQMLVSCDKTDSGCSGGLMNNAFEWIVQENNGAVYTEDSYPYASGEGISPPCTTSGHTVGATITGHVELPQDEAQIAAWLAVNGPVAVAVDASSWMTYTGGVMTSCVSEQLDHGVLLVGYNDGAAVPYWIIKNSWTTQWGEEGYIRIAKGSNQCLVKEEASSAVVGHHHHHH,8.7,CHEMBL1287737
CC(C)(F)C[C@H](N[C@@H](c1ccc(-c2ccc(C3(C(N)=O)CC3)cc2)cc1)C(F)(F)F)C(=O)N[C@H](C#N)Cc1ccccc1,APAAVDWRARGAVTAVKDQGQCGSCWAFSAIGNVECQWFLAGHPLTNLAEQMLVSCDKTDSGCSGGLMNNAFEWIVQENNGAVYTEDSYPYASGEGISPPCTTSGHTVGATITGHVELPQDEAQIAAWLAVNGPVAVAVDASSWMTYTGGVMTSCVSEQLDHGVLLVGYNDGAAVPYWIIKNSWTTQWGEEGYIRIAKGSNQCLVKEEASSAVVGHHHHHH,8.52,CHEMBL1287737
CC(C)(F)C[C@H](N[C@@H](c1ccc(-c2ccc(C3(C(=O)N4CCOCC4)CC3)cc2)cc1)C(F)(F)F)C(=O)N[C@H](C#N)Cc1ccccc1,APAAVDWRARGAVTAVKDQGQCGSCWAFSAIGNVECQWFLAGHPLTNLAEQMLVSCDKTDSGCSGGLMNNAFEWIVQENNGAVYTEDSYPYASGEGISPPCTTSGHTVGATITGHVELPQDEAQIAAWLAVNGPVAVAVDASSWMTYTGGVMTSCVSEQLDHGVLLVGYNDGAAVPYWIIKNSWTTQWGEEGYIRIAKGSNQCLVKEEASSAVVGHHHHHH,8.52,CHEMBL1287737
CC(C)(F)C[C@H](N[C@@H](c1ccc(-c2ccc(S(C)(=O)=O)cc2)cc1)C(F)(F)F)C(=O)N[C@H](C#N)Cc1ccncc1,APAAVDWRARGAVTAVKDQGQCGSCWAFSAIGNVECQWFLAGHPLTNLAEQMLVSCDKTDSGCSGGLMNNAFEWIVQENNGAVYTEDSYPYASGEGISPPCTTSGHTVGATITGHVELPQDEAQIAAWLAVNGPVAVAVDASSWMTYTGGVMTSCVSEQLDHGVLLVGYNDGAAVPYWIIKNSWTTQWGEEGYIRIAKGSNQCLVKEEASSAVVGHHHHHH,8.22,CHEMBL1287737
CS(=O)(=O)c1ccc(-c2ccc([C@H](N[C@@H](Cc3ccccc3)C(=O)N[C@H](C#N)Cc3ccccc3)C(F)(F)F)cc2)cc1,APAAVDWRARGAVTAVKDQGQCGSCWAFSAIGNVECQWFLAGHPLTNLAEQMLVSCDKTDSGCSGGLMNNAFEWIVQENNGAVYTEDSYPYASGEGISPPCTTSGHTVGATITGHVELPQDEAQIAAWLAVNGPVAVAVDASSWMTYTGGVMTSCVSEQLDHGVLLVGYNDGAAVPYWIIKNSWTTQWGEEGYIRIAKGSNQCLVKEEASSAVVGHHHHHH,8.15,CHEMBL1287737
CS(=O)(=O)c1ccc(-c2ccc([C@H](N[C@H](C(=O)N[C@H](C#N)Cc3ccccc3)C3CC3)C(F)(F)F)cc2)cc1,APAAVDWRARGAVTAVKDQGQCGSCWAFSAIGNVECQWFLAGHPLTNLAEQMLVSCDKTDSGCSGGLMNNAFEWIVQENNGAVYTEDSYPYASGEGISPPCTTSGHTVGATITGHVELPQDEAQIAAWLAVNGPVAVAVDASSWMTYTGGVMTSCVSEQLDHGVLLVGYNDGAAVPYWIIKNSWTTQWGEEGYIRIAKGSNQCLVKEEASSAVVGHHHHHH,8.15,CHEMBL1287737
CC(C)(F)C[C@H](N[C@@H](c1ccc(-c2ccc([C@@H](O)C(F)F)cc2)cc1)C(F)(F)F)C(=O)N[C@H](C#N)Cc1ccccc1,APAAVDWRARGAVTAVKDQGQCGSCWAFSAIGNVECQWFLAGHPLTNLAEQMLVSCDKTDSGCSGGLMNNAFEWIVQENNGAVYTEDSYPYASGEGISPPCTTSGHTVGATITGHVELPQDEAQIAAWLAVNGPVAVAVDASSWMTYTGGVMTSCVSEQLDHGVLLVGYNDGAAVPYWIIKNSWTTQWGEEGYIRIAKGSNQCLVKEEASSAVVGHHHHHH,8.1,CHEMBL1287737
CC(C)(F)C[C@H](N[C@@H](c1ccc(-c2ccc(-c3ccncc3)cc2)cc1)C(F)(F)F)C(=O)N[C@H](C#N)Cc1ccccc1,APAAVDWRARGAVTAVKDQGQCGSCWAFSAIGNVECQWFLAGHPLTNLAEQMLVSCDKTDSGCSGGLMNNAFEWIVQENNGAVYTEDSYPYASGEGISPPCTTSGHTVGATITGHVELPQDEAQIAAWLAVNGPVAVAVDASSWMTYTGGVMTSCVSEQLDHGVLLVGYNDGAAVPYWIIKNSWTTQWGEEGYIRIAKGSNQCLVKEEASSAVVGHHHHHH,8.1,CHEMBL1287737
CC(C)(F)C[C@H](N[C@@H](c1ccc(-c2ccc(S(C)(=O)=O)cc2)cc1)C(F)(F)F)C(=O)N[C@H](C#N)Cc1ccccc1,APAAVDWRARGAVTAVKDQGQCGSCWAFSAIGNVECQWFLAGHPLTNLAEQMLVSCDKTDSGCSGGLMNNAFEWIVQENNGAVYTEDSYPYASGEGISPPCTTSGHTVGATITGHVELPQDEAQIAAWLAVNGPVAVAVDASSWMTYTGGVMTSCVSEQLDHGVLLVGYNDGAAVPYWIIKNSWTTQWGEEGYIRIAKGSNQCLVKEEASSAVVGHHHHHH,8.1,CHEMBL1287737
CS(=O)(=O)c1ccc(-c2ccc([C@H](N[C@@H](CC3CC3)C(=O)N[C@H](C#N)Cc3ccccc3)C(F)(F)F)cc2)cc1,APAAVDWRARGAVTAVKDQGQCGSCWAFSAIGNVECQWFLAGHPLTNLAEQMLVSCDKTDSGCSGGLMNNAFEWIVQENNGAVYTEDSYPYASGEGISPPCTTSGHTVGATITGHVELPQDEAQIAAWLAVNGPVAVAVDASSWMTYTGGVMTSCVSEQLDHGVLLVGYNDGAAVPYWIIKNSWTTQWGEEGYIRIAKGSNQCLVKEEASSAVVGHHHHHH,7.8,CHEMBL1287737
CC(C)(F)C[C@H](N[C@@H](c1ccc(-c2ccc(S(C)(=O)=O)cc2)cc1)C(F)(F)F)C(=O)N[C@@H](C#N)Cc1ccc(C#N)cc1F,APAAVDWRARGAVTAVKDQGQCGSCWAFSAIGNVECQWFLAGHPLTNLAEQMLVSCDKTDSGCSGGLMNNAFEWIVQENNGAVYTEDSYPYASGEGISPPCTTSGHTVGATITGHVELPQDEAQIAAWLAVNGPVAVAVDASSWMTYTGGVMTSCVSEQLDHGVLLVGYNDGAAVPYWIIKNSWTTQWGEEGYIRIAKGSNQCLVKEEASSAVVGHHHHHH,7.77,CHEMBL1287737
CC(C)(F)C[C@H](N[C@@H](c1ccc(-c2cn[nH]c2)cc1)C(F)(F)F)C(=O)N[C@H](C#N)Cc1ccccc1,APAAVDWRARGAVTAVKDQGQCGSCWAFSAIGNVECQWFLAGHPLTNLAEQMLVSCDKTDSGCSGGLMNNAFEWIVQENNGAVYTEDSYPYASGEGISPPCTTSGHTVGATITGHVELPQDEAQIAAWLAVNGPVAVAVDASSWMTYTGGVMTSCVSEQLDHGVLLVGYNDGAAVPYWIIKNSWTTQWGEEGYIRIAKGSNQCLVKEEASSAVVGHHHHHH,7.48,CHEMBL1287737
CC(C)(F)C[C@H](N[C@@H](c1ccc(-c2ccc(S(C)(=O)=O)cc2)cc1)C(F)(F)F)C(=O)N[C@H](C#N)CC(F)(F)F,APAAVDWRARGAVTAVKDQGQCGSCWAFSAIGNVECQWFLAGHPLTNLAEQMLVSCDKTDSGCSGGLMNNAFEWIVQENNGAVYTEDSYPYASGEGISPPCTTSGHTVGATITGHVELPQDEAQIAAWLAVNGPVAVAVDASSWMTYTGGVMTSCVSEQLDHGVLLVGYNDGAAVPYWIIKNSWTTQWGEEGYIRIAKGSNQCLVKEEASSAVVGHHHHHH,6.89,CHEMBL1287737
CC(C)(F)C[C@H](N[C@@H](c1ccc(-c2ccc(S(C)(=O)=O)cc2)cc1)C(F)(F)F)C(=O)NCC#N,APAAVDWRARGAVTAVKDQGQCGSCWAFSAIGNVECQWFLAGHPLTNLAEQMLVSCDKTDSGCSGGLMNNAFEWIVQENNGAVYTEDSYPYASGEGISPPCTTSGHTVGATITGHVELPQDEAQIAAWLAVNGPVAVAVDASSWMTYTGGVMTSCVSEQLDHGVLLVGYNDGAAVPYWIIKNSWTTQWGEEGYIRIAKGSNQCLVKEEASSAVVGHHHHHH,6.74,CHEMBL1287737
CC(C)(C)[C@H](N[C@@H](c1ccc(-c2ccc(S(C)(=O)=O)cc2)cc1)C(F)(F)F)C(=O)N[C@H](C#N)Cc1ccccc1,APAAVDWRARGAVTAVKDQGQCGSCWAFSAIGNVECQWFLAGHPLTNLAEQMLVSCDKTDSGCSGGLMNNAFEWIVQENNGAVYTEDSYPYASGEGISPPCTTSGHTVGATITGHVELPQDEAQIAAWLAVNGPVAVAVDASSWMTYTGGVMTSCVSEQLDHGVLLVGYNDGAAVPYWIIKNSWTTQWGEEGYIRIAKGSNQCLVKEEASSAVVGHHHHHH,6.42,CHEMBL1287737
CC(C)(F)C[C@H](N[C@@H](c1ccc(-c2ccc(S(C)(=O)=O)cc2)cc1)C(F)(F)F)C(=O)N[C@H](C#N)CCc1ccccc1,APAAVDWRARGAVTAVKDQGQCGSCWAFSAIGNVECQWFLAGHPLTNLAEQMLVSCDKTDSGCSGGLMNNAFEWIVQENNGAVYTEDSYPYASGEGISPPCTTSGHTVGATITGHVELPQDEAQIAAWLAVNGPVAVAVDASSWMTYTGGVMTSCVSEQLDHGVLLVGYNDGAAVPYWIIKNSWTTQWGEEGYIRIAKGSNQCLVKEEASSAVVGHHHHHH,6.29,CHEMBL1287737
COc1ccc2cc(O)c(C(=O)N/N=C/c3c(O)ccc4ccccc34)cc2c1,APAAVDWRARGAVTAVKDQGQCGSCWAFSAIGNVECQWFLAGHPLTNLAEQMLVSCDKTDSGCSGGLMNNAFEWIVQENNGAVYTEDSYPYASGEGISPPCTTSGHTVGATITGHVELPQDEAQIAAWLAVNGPVAVAVDASSWMTYTGGVMTSCVSEQLDHGVLLVGYNDGAAVPYWIIKNSWTTQWGEEGYIRIAKGSNQCLVKEEASSAVVGHHHHHH,6.22,CHEMBL2040832
O=C(N/N=C/c1ccc2c(c1)OCO2)c1nc(-c2ccc(Br)cc2)no1,APAAVDWRARGAVTAVKDQGQCGSCWAFSAIGNVECQWFLAGHPLTNLAEQMLVSCDKTDSGCSGGLMNNAFEWIVQENNGAVYTEDSYPYASGEGISPPCTTSGHTVGATITGHVELPQDEAQIAAWLAVNGPVAVAVDASSWMTYTGGVMTSCVSEQLDHGVLLVGYNDGAAVPYWIIKNSWTTQWGEEGYIRIAKGSNQCLVKEEASSAVVGHHHHHH,7.52,CHEMBL2157907
COc1cc(/C=N/NC(=O)c2nc(-c3ccc(Cl)cc3)no2)ccc1O,APAAVDWRARGAVTAVKDQGQCGSCWAFSAIGNVECQWFLAGHPLTNLAEQMLVSCDKTDSGCSGGLMNNAFEWIVQENNGAVYTEDSYPYASGEGISPPCTTSGHTVGATITGHVELPQDEAQIAAWLAVNGPVAVAVDASSWMTYTGGVMTSCVSEQLDHGVLLVGYNDGAAVPYWIIKNSWTTQWGEEGYIRIAKGSNQCLVKEEASSAVVGHHHHHH,7.4,CHEMBL2157907
COc1cc(/C=N/NC(=O)c2nc(-c3ccc(Br)cc3)no2)ccc1O,APAAVDWRARGAVTAVKDQGQCGSCWAFSAIGNVECQWFLAGHPLTNLAEQMLVSCDKTDSGCSGGLMNNAFEWIVQENNGAVYTEDSYPYASGEGISPPCTTSGHTVGATITGHVELPQDEAQIAAWLAVNGPVAVAVDASSWMTYTGGVMTSCVSEQLDHGVLLVGYNDGAAVPYWIIKNSWTTQWGEEGYIRIAKGSNQCLVKEEASSAVVGHHHHHH,6.7,CHEMBL2157907
O=C(COc1ccc2ccccc2c1Br)NCCc1nc2ccccc2[nH]1,APAAVDWRARGAVTAVKDQGQCGSCWAFSAIGNVECQWFLAGHPLTNLAEQMLVSCDKTDSGCSGGLMNNAFEWIVQENNGAVYTEDSYPYASGEGISPPCTTSGHTVGATITGHVELPQDEAQIAAWLAVNGPVAVAVDASSWMTYTGGVMTSCVSEQLDHGVLLVGYNDGAAVPYWIIKNSWTTQWGEEGYIRIAKGSNQCLVKEEASSAVVGHHHHHH,6.68,CHEMBL3232808
COc1ccc2[nH]c(CCNC(=O)COc3ccc4ccccc4c3Br)nc2c1,APAAVDWRARGAVTAVKDQGQCGSCWAFSAIGNVECQWFLAGHPLTNLAEQMLVSCDKTDSGCSGGLMNNAFEWIVQENNGAVYTEDSYPYASGEGISPPCTTSGHTVGATITGHVELPQDEAQIAAWLAVNGPVAVAVDASSWMTYTGGVMTSCVSEQLDHGVLLVGYNDGAAVPYWIIKNSWTTQWGEEGYIRIAKGSNQCLVKEEASSAVVGHHHHHH,6.27,CHEMBL3232808
O=C(COc1ccc2ccccc2c1Br)NCCc1nc2cc(Cl)ccc2[nH]1,APAAVDWRARGAVTAVKDQGQCGSCWAFSAIGNVECQWFLAGHPLTNLAEQMLVSCDKTDSGCSGGLMNNAFEWIVQENNGAVYTEDSYPYASGEGISPPCTTSGHTVGATITGHVELPQDEAQIAAWLAVNGPVAVAVDASSWMTYTGGVMTSCVSEQLDHGVLLVGYNDGAAVPYWIIKNSWTTQWGEEGYIRIAKGSNQCLVKEEASSAVVGHHHHHH,6.22,CHEMBL3232808
Cc1ccc2[nH]c(CCNC(=O)COc3ccc4ccccc4c3Br)nc2c1,APAAVDWRARGAVTAVKDQGQCGSCWAFSAIGNVECQWFLAGHPLTNLAEQMLVSCDKTDSGCSGGLMNNAFEWIVQENNGAVYTEDSYPYASGEGISPPCTTSGHTVGATITGHVELPQDEAQIAAWLAVNGPVAVAVDASSWMTYTGGVMTSCVSEQLDHGVLLVGYNDGAAVPYWIIKNSWTTQWGEEGYIRIAKGSNQCLVKEEASSAVVGHHHHHH,6.21,CHEMBL3232808
O=C(COc1ccccc1Br)NCCc1nc2ccccc2[nH]1,APAAVDWRARGAVTAVKDQGQCGSCWAFSAIGNVECQWFLAGHPLTNLAEQMLVSCDKTDSGCSGGLMNNAFEWIVQENNGAVYTEDSYPYASGEGISPPCTTSGHTVGATITGHVELPQDEAQIAAWLAVNGPVAVAVDASSWMTYTGGVMTSCVSEQLDHGVLLVGYNDGAAVPYWIIKNSWTTQWGEEGYIRIAKGSNQCLVKEEASSAVVGHHHHHH,6.1,CHEMBL3232808
O=C(COc1cccc(Br)c1)NCCc1nc2ccccc2[nH]1,APAAVDWRARGAVTAVKDQGQCGSCWAFSAIGNVECQWFLAGHPLTNLAEQMLVSCDKTDSGCSGGLMNNAFEWIVQENNGAVYTEDSYPYASGEGISPPCTTSGHTVGATITGHVELPQDEAQIAAWLAVNGPVAVAVDASSWMTYTGGVMTSCVSEQLDHGVLLVGYNDGAAVPYWIIKNSWTTQWGEEGYIRIAKGSNQCLVKEEASSAVVGHHHHHH,6.1,CHEMBL3232808
CC1SC(N/N=C/CCCSc2ccccc2)=NC1=O,APAAVDWRARGAVTAVKDQGQCGSCWAFSAIGNVECQWFLAGHPLTNLAEQMLVSCDKTDSGCSGGLMNNAFEWIVQENNGAVYTEDSYPYASGEGISPPCTTSGHTVGATITGHVELPQDEAQIAAWLAVNGPVAVAVDASSWMTYTGGVMTSCVSEQLDHGVLLVGYNDGAAVPYWIIKNSWTTQWGEEGYIRIAKGSNQCLVKEEASSAVVGHHHHHH,6.4,CHEMBL3352665
C/C(=N\Nc1nc(-c2ccc3ccccc3c2)cs1)c1ccccn1,APAAVDWRARGAVTAVKDQGQCGSCWAFSAIGNVECQWFLAGHPLTNLAEQMLVSCDKTDSGCSGGLMNNAFEWIVQENNGAVYTEDSYPYASGEGISPPCTTSGHTVGATITGHVELPQDEAQIAAWLAVNGPVAVAVDASSWMTYTGGVMTSCVSEQLDHGVLLVGYNDGAAVPYWIIKNSWTTQWGEEGYIRIAKGSNQCLVKEEASSAVVGHHHHHH,8,CHEMBL3352772
C/C(=N\Nc1nc(-c2ccc(C)cc2)cs1)c1ccccn1,APAAVDWRARGAVTAVKDQGQCGSCWAFSAIGNVECQWFLAGHPLTNLAEQMLVSCDKTDSGCSGGLMNNAFEWIVQENNGAVYTEDSYPYASGEGISPPCTTSGHTVGATITGHVELPQDEAQIAAWLAVNGPVAVAVDASSWMTYTGGVMTSCVSEQLDHGVLLVGYNDGAAVPYWIIKNSWTTQWGEEGYIRIAKGSNQCLVKEEASSAVVGHHHHHH,6.4,CHEMBL3352772
C/C(=N\Nc1nc(-c2ccc(Cl)c(Cl)c2)cs1)c1ccccn1,APAAVDWRARGAVTAVKDQGQCGSCWAFSAIGNVECQWFLAGHPLTNLAEQMLVSCDKTDSGCSGGLMNNAFEWIVQENNGAVYTEDSYPYASGEGISPPCTTSGHTVGATITGHVELPQDEAQIAAWLAVNGPVAVAVDASSWMTYTGGVMTSCVSEQLDHGVLLVGYNDGAAVPYWIIKNSWTTQWGEEGYIRIAKGSNQCLVKEEASSAVVGHHHHHH,6.4,CHEMBL3352772
NC(=S)N/N=C(\COc1ccc(Cl)c(Cl)c1)c1ccc(Br)cc1,APAAVDWRARGAVTAVKDQGQCGSCWAFSAIGNVECQWFLAGHPLTNLAEQMLVSCDKTDSGCSGGLMNNAFEWIVQENNGAVYTEDSYPYASGEGISPPCTTSGHTVGATITGHVELPQDEAQIAAWLAVNGPVAVAVDASSWMTYTGGVMTSCVSEQLDHGVLLVGYNDGAAVPYWIIKNSWTTQWGEEGYIRIAKGSNQCLVKEEASSAVVGHHHHHH,8.1,CHEMBL3612009
NC(=S)N/N=C(\COc1ccc(F)c(Cl)c1)c1ccc(Br)cc1,APAAVDWRARGAVTAVKDQGQCGSCWAFSAIGNVECQWFLAGHPLTNLAEQMLVSCDKTDSGCSGGLMNNAFEWIVQENNGAVYTEDSYPYASGEGISPPCTTSGHTVGATITGHVELPQDEAQIAAWLAVNGPVAVAVDASSWMTYTGGVMTSCVSEQLDHGVLLVGYNDGAAVPYWIIKNSWTTQWGEEGYIRIAKGSNQCLVKEEASSAVVGHHHHHH,7.16,CHEMBL3612009
NC(=S)N/N=C(\COc1ccc(F)cc1)c1ccc(Br)cc1,APAAVDWRARGAVTAVKDQGQCGSCWAFSAIGNVECQWFLAGHPLTNLAEQMLVSCDKTDSGCSGGLMNNAFEWIVQENNGAVYTEDSYPYASGEGISPPCTTSGHTVGATITGHVELPQDEAQIAAWLAVNGPVAVAVDASSWMTYTGGVMTSCVSEQLDHGVLLVGYNDGAAVPYWIIKNSWTTQWGEEGYIRIAKGSNQCLVKEEASSAVVGHHHHHH,6.4,CHEMBL3612009
NC(=S)N/N=C(/COc1ccc(Br)cc1)c1ccc(-c2ccccc2)cc1,APAAVDWRARGAVTAVKDQGQCGSCWAFSAIGNVECQWFLAGHPLTNLAEQMLVSCDKTDSGCSGGLMNNAFEWIVQENNGAVYTEDSYPYASGEGISPPCTTSGHTVGATITGHVELPQDEAQIAAWLAVNGPVAVAVDASSWMTYTGGVMTSCVSEQLDHGVLLVGYNDGAAVPYWIIKNSWTTQWGEEGYIRIAKGSNQCLVKEEASSAVVGHHHHHH,6.22,CHEMBL3612009
CCCCC(C(=O)COc1c(F)c(F)cc(F)c1F)n1cc([C@@](C)(NCc2ccn3nccc3n2)C2CCCC2)nn1,APAAVDWRARGAVTAVKDQGQCGSCWAFSAIGNVECQWFLAGHPLTNLAEQMLVSCDKTDSGCSGGLMNNAFEWIVQENNGAVYTEDSYPYASGEGISPPCTTSGHTVGATITGHVELPQDEAQIAAWLAVNGPVAVAVDASSWMTYTGGVMTSCVSEQLDHGVLLVGYNDGAAVPYWIIKNSWTTQWGEEGYIRIAKGSNQCLVKEEASSAVVGHHHHHH,8.52,CHEMBL3627660
CCCCC(C(=O)COc1c(F)c(F)cc(F)c1F)n1cc([C@@](C)(NCc2ccc3ncsc3c2)C2CCCC2)nn1,APAAVDWRARGAVTAVKDQGQCGSCWAFSAIGNVECQWFLAGHPLTNLAEQMLVSCDKTDSGCSGGLMNNAFEWIVQENNGAVYTEDSYPYASGEGISPPCTTSGHTVGATITGHVELPQDEAQIAAWLAVNGPVAVAVDASSWMTYTGGVMTSCVSEQLDHGVLLVGYNDGAAVPYWIIKNSWTTQWGEEGYIRIAKGSNQCLVKEEASSAVVGHHHHHH,8.3,CHEMBL3627660
C[C@@](NCc1ccc2ncsc2c1)(c1cn(C(CCS(C)(=O)=O)C(=O)COc2c(F)c(F)cc(F)c2F)nn1)C1CCCC1,APAAVDWRARGAVTAVKDQGQCGSCWAFSAIGNVECQWFLAGHPLTNLAEQMLVSCDKTDSGCSGGLMNNAFEWIVQENNGAVYTEDSYPYASGEGISPPCTTSGHTVGATITGHVELPQDEAQIAAWLAVNGPVAVAVDASSWMTYTGGVMTSCVSEQLDHGVLLVGYNDGAAVPYWIIKNSWTTQWGEEGYIRIAKGSNQCLVKEEASSAVVGHHHHHH,7.6,CHEMBL3627660
CCCCC(C(=O)COc1c(F)c(F)cc(F)c1F)n1cc([C@@](C)(NCc2ccc3ncccc3c2)C2CCCC2)nn1,APAAVDWRARGAVTAVKDQGQCGSCWAFSAIGNVECQWFLAGHPLTNLAEQMLVSCDKTDSGCSGGLMNNAFEWIVQENNGAVYTEDSYPYASGEGISPPCTTSGHTVGATITGHVELPQDEAQIAAWLAVNGPVAVAVDASSWMTYTGGVMTSCVSEQLDHGVLLVGYNDGAAVPYWIIKNSWTTQWGEEGYIRIAKGSNQCLVKEEASSAVVGHHHHHH,7.57,CHEMBL3627660
CCCCC(C(=O)COc1c(F)c(F)cc(F)c1F)n1cc([C@@](C)(NCc2ccc3ncsc3c2)C(C)C)nn1,APAAVDWRARGAVTAVKDQGQCGSCWAFSAIGNVECQWFLAGHPLTNLAEQMLVSCDKTDSGCSGGLMNNAFEWIVQENNGAVYTEDSYPYASGEGISPPCTTSGHTVGATITGHVELPQDEAQIAAWLAVNGPVAVAVDASSWMTYTGGVMTSCVSEQLDHGVLLVGYNDGAAVPYWIIKNSWTTQWGEEGYIRIAKGSNQCLVKEEASSAVVGHHHHHH,7.43,CHEMBL3627660
COCCC(C(=O)COc1c(F)c(F)cc(F)c1F)n1cc([C@@](C)(NCc2ccc3ncsc3c2)C(C)C)nn1,APAAVDWRARGAVTAVKDQGQCGSCWAFSAIGNVECQWFLAGHPLTNLAEQMLVSCDKTDSGCSGGLMNNAFEWIVQENNGAVYTEDSYPYASGEGISPPCTTSGHTVGATITGHVELPQDEAQIAAWLAVNGPVAVAVDASSWMTYTGGVMTSCVSEQLDHGVLLVGYNDGAAVPYWIIKNSWTTQWGEEGYIRIAKGSNQCLVKEEASSAVVGHHHHHH,7.2,CHEMBL3627660
CCCCC(C(=O)COc1c(F)c(F)cc(F)c1F)n1cc([C@@](C)(NCc2ccn3nccc3n2)C(C)C)nn1,APAAVDWRARGAVTAVKDQGQCGSCWAFSAIGNVECQWFLAGHPLTNLAEQMLVSCDKTDSGCSGGLMNNAFEWIVQENNGAVYTEDSYPYASGEGISPPCTTSGHTVGATITGHVELPQDEAQIAAWLAVNGPVAVAVDASSWMTYTGGVMTSCVSEQLDHGVLLVGYNDGAAVPYWIIKNSWTTQWGEEGYIRIAKGSNQCLVKEEASSAVVGHHHHHH,7.12,CHEMBL3627660
COCCC(C(=O)COc1c(F)c(F)cc(F)c1F)n1cc([C@@](C)(NCc2ccc3ncsc3c2)C2CCCC2)nn1,APAAVDWRARGAVTAVKDQGQCGSCWAFSAIGNVECQWFLAGHPLTNLAEQMLVSCDKTDSGCSGGLMNNAFEWIVQENNGAVYTEDSYPYASGEGISPPCTTSGHTVGATITGHVELPQDEAQIAAWLAVNGPVAVAVDASSWMTYTGGVMTSCVSEQLDHGVLLVGYNDGAAVPYWIIKNSWTTQWGEEGYIRIAKGSNQCLVKEEASSAVVGHHHHHH,6.91,CHEMBL3627660
CC(C)[C@](C)(NCc1ccc2ncsc2c1)c1cn(C(CCS(C)(=O)=O)C(=O)COc2c(F)c(F)cc(F)c2F)nn1,APAAVDWRARGAVTAVKDQGQCGSCWAFSAIGNVECQWFLAGHPLTNLAEQMLVSCDKTDSGCSGGLMNNAFEWIVQENNGAVYTEDSYPYASGEGISPPCTTSGHTVGATITGHVELPQDEAQIAAWLAVNGPVAVAVDASSWMTYTGGVMTSCVSEQLDHGVLLVGYNDGAAVPYWIIKNSWTTQWGEEGYIRIAKGSNQCLVKEEASSAVVGHHHHHH,6.9,CHEMBL3627660
COCCC(C(=O)COc1c(F)c(F)cc(F)c1F)n1cc([C@@](C)(NCc2ccc3ncccc3c2)C(C)C)nn1,APAAVDWRARGAVTAVKDQGQCGSCWAFSAIGNVECQWFLAGHPLTNLAEQMLVSCDKTDSGCSGGLMNNAFEWIVQENNGAVYTEDSYPYASGEGISPPCTTSGHTVGATITGHVELPQDEAQIAAWLAVNGPVAVAVDASSWMTYTGGVMTSCVSEQLDHGVLLVGYNDGAAVPYWIIKNSWTTQWGEEGYIRIAKGSNQCLVKEEASSAVVGHHHHHH,6.47,CHEMBL3627660
CCCCC(C(=O)COc1c(F)c(F)cc(F)c1F)n1cc([C@@](C)(NCc2ccc3ncccc3c2)C(C)C)nn1,APAAVDWRARGAVTAVKDQGQCGSCWAFSAIGNVECQWFLAGHPLTNLAEQMLVSCDKTDSGCSGGLMNNAFEWIVQENNGAVYTEDSYPYASGEGISPPCTTSGHTVGATITGHVELPQDEAQIAAWLAVNGPVAVAVDASSWMTYTGGVMTSCVSEQLDHGVLLVGYNDGAAVPYWIIKNSWTTQWGEEGYIRIAKGSNQCLVKEEASSAVVGHHHHHH,6.43,CHEMBL3627660
CC(C)[C@](C)(NCc1ccn2nccc2n1)c1cn(C(CCS(C)(=O)=O)C(=O)COc2c(F)c(F)cc(F)c2F)nn1,APAAVDWRARGAVTAVKDQGQCGSCWAFSAIGNVECQWFLAGHPLTNLAEQMLVSCDKTDSGCSGGLMNNAFEWIVQENNGAVYTEDSYPYASGEGISPPCTTSGHTVGATITGHVELPQDEAQIAAWLAVNGPVAVAVDASSWMTYTGGVMTSCVSEQLDHGVLLVGYNDGAAVPYWIIKNSWTTQWGEEGYIRIAKGSNQCLVKEEASSAVVGHHHHHH,6.33,CHEMBL3627660
CC(C)[C@](C)(NCc1ccc2ncccc2c1)c1cn(C(CCS(C)(=O)=O)C(=O)COc2c(F)c(F)cc(F)c2F)nn1,APAAVDWRARGAVTAVKDQGQCGSCWAFSAIGNVECQWFLAGHPLTNLAEQMLVSCDKTDSGCSGGLMNNAFEWIVQENNGAVYTEDSYPYASGEGISPPCTTSGHTVGATITGHVELPQDEAQIAAWLAVNGPVAVAVDASSWMTYTGGVMTSCVSEQLDHGVLLVGYNDGAAVPYWIIKNSWTTQWGEEGYIRIAKGSNQCLVKEEASSAVVGHHHHHH,6.25,CHEMBL3627660
C[C@@](NCc1ccc2occc2c1)(c1cn(C(CCS(C)(=O)=O)C(=O)COc2c(F)c(F)cc(F)c2F)nn1)C1CCCC1,APAAVDWRARGAVTAVKDQGQCGSCWAFSAIGNVECQWFLAGHPLTNLAEQMLVSCDKTDSGCSGGLMNNAFEWIVQENNGAVYTEDSYPYASGEGISPPCTTSGHTVGATITGHVELPQDEAQIAAWLAVNGPVAVAVDASSWMTYTGGVMTSCVSEQLDHGVLLVGYNDGAAVPYWIIKNSWTTQWGEEGYIRIAKGSNQCLVKEEASSAVVGHHHHHH,6.1,CHEMBL3627660
CC(C)[C@](C)(NCc1ccc2occc2c1)c1cn(C(CCS(C)(=O)=O)C(=O)COc2c(F)c(F)cc(F)c2F)nn1,APAAVDWRARGAVTAVKDQGQCGSCWAFSAIGNVECQWFLAGHPLTNLAEQMLVSCDKTDSGCSGGLMNNAFEWIVQENNGAVYTEDSYPYASGEGISPPCTTSGHTVGATITGHVELPQDEAQIAAWLAVNGPVAVAVDASSWMTYTGGVMTSCVSEQLDHGVLLVGYNDGAAVPYWIIKNSWTTQWGEEGYIRIAKGSNQCLVKEEASSAVVGHHHHHH,6.06,CHEMBL3627660
C/C(=N\Nc1nc(C)cs1)c1ccc(Cl)c(Cl)c1,APAAVDWRARGAVTAVKDQGQCGSCWAFSAIGNVECQWFLAGHPLTNLAEQMLVSCDKTDSGCSGGLMNNAFEWIVQENNGAVYTEDSYPYASGEGISPPCTTSGHTVGATITGHVELPQDEAQIAAWLAVNGPVAVAVDASSWMTYTGGVMTSCVSEQLDHGVLLVGYNDGAAVPYWIIKNSWTTQWGEEGYIRIAKGSNQCLVKEEASSAVVGHHHHHH,6.22,CHEMBL4138128
CCOC(=O)/C=C/C(=O)[C@@H](CC(C)C)NC(=O)[C@H](Cc1ccccc1)NC(=O)OCc1ccccc1,APAAVDWRARGAVTAVKDQGQCGSCWAFSAIGNVECQWFLAGHPLTNLAEQMLVSCDKTDSGCSGGLMNNAFEWIVQENNGAVYTEDSYPYASGEGISPPCTTSGHTVGATITGHVELPQDEAQIAAWLAVNGPVAVAVDASSWMTYTGGVMTSCVSEQLDHGVLLVGYNDGAAVPYWIIKNSWTTQWGEEGYIRIAKGSNQCLVKEEASSAVVGHHHHHH,7.7,CHEMBL4229471
CCOC(=O)/C=C/C(=O)[C@H](CC(C)C)NC(=O)[C@H](Cc1ccccc1)NC(=O)OCc1ccccc1,APAAVDWRARGAVTAVKDQGQCGSCWAFSAIGNVECQWFLAGHPLTNLAEQMLVSCDKTDSGCSGGLMNNAFEWIVQENNGAVYTEDSYPYASGEGISPPCTTSGHTVGATITGHVELPQDEAQIAAWLAVNGPVAVAVDASSWMTYTGGVMTSCVSEQLDHGVLLVGYNDGAAVPYWIIKNSWTTQWGEEGYIRIAKGSNQCLVKEEASSAVVGHHHHHH,7.7,CHEMBL4229471
CCOC(=O)/C=C/C(=O)[C@H](CCc1ccccc1)NC(=O)[C@H](CC(C)C)NC(=O)OCc1ccccc1,APAAVDWRARGAVTAVKDQGQCGSCWAFSAIGNVECQWFLAGHPLTNLAEQMLVSCDKTDSGCSGGLMNNAFEWIVQENNGAVYTEDSYPYASGEGISPPCTTSGHTVGATITGHVELPQDEAQIAAWLAVNGPVAVAVDASSWMTYTGGVMTSCVSEQLDHGVLLVGYNDGAAVPYWIIKNSWTTQWGEEGYIRIAKGSNQCLVKEEASSAVVGHHHHHH,7.1,CHEMBL4229471
CCOC(=O)/C=C/C(=O)[C@H](CC(C)C)NC(=O)[C@H](CC(C)C)NC(=O)N1CCOCC1,APAAVDWRARGAVTAVKDQGQCGSCWAFSAIGNVECQWFLAGHPLTNLAEQMLVSCDKTDSGCSGGLMNNAFEWIVQENNGAVYTEDSYPYASGEGISPPCTTSGHTVGATITGHVELPQDEAQIAAWLAVNGPVAVAVDASSWMTYTGGVMTSCVSEQLDHGVLLVGYNDGAAVPYWIIKNSWTTQWGEEGYIRIAKGSNQCLVKEEASSAVVGHHHHHH,6.7,CHEMBL4229471
CCOC(=O)/C=C/C(=O)[C@H](C)NC(=O)[C@H](Cc1ccccc1)NC(=O)OCc1ccccc1,APAAVDWRARGAVTAVKDQGQCGSCWAFSAIGNVECQWFLAGHPLTNLAEQMLVSCDKTDSGCSGGLMNNAFEWIVQENNGAVYTEDSYPYASGEGISPPCTTSGHTVGATITGHVELPQDEAQIAAWLAVNGPVAVAVDASSWMTYTGGVMTSCVSEQLDHGVLLVGYNDGAAVPYWIIKNSWTTQWGEEGYIRIAKGSNQCLVKEEASSAVVGHHHHHH,6.52,CHEMBL4229471
CCOC(=O)/C=C/C(=O)[C@H](CCc1ccccc1)NC(=O)[C@H](Cc1ccccc1)NC(=O)N1CCOCC1,APAAVDWRARGAVTAVKDQGQCGSCWAFSAIGNVECQWFLAGHPLTNLAEQMLVSCDKTDSGCSGGLMNNAFEWIVQENNGAVYTEDSYPYASGEGISPPCTTSGHTVGATITGHVELPQDEAQIAAWLAVNGPVAVAVDASSWMTYTGGVMTSCVSEQLDHGVLLVGYNDGAAVPYWIIKNSWTTQWGEEGYIRIAKGSNQCLVKEEASSAVVGHHHHHH,6.52,CHEMBL4229471
CCOC(=O)/C=C/C(=O)[C@@H](CCc1ccccc1)NC(=O)[C@H](Cc1ccccc1)NC(=O)N1CCOCC1,APAAVDWRARGAVTAVKDQGQCGSCWAFSAIGNVECQWFLAGHPLTNLAEQMLVSCDKTDSGCSGGLMNNAFEWIVQENNGAVYTEDSYPYASGEGISPPCTTSGHTVGATITGHVELPQDEAQIAAWLAVNGPVAVAVDASSWMTYTGGVMTSCVSEQLDHGVLLVGYNDGAAVPYWIIKNSWTTQWGEEGYIRIAKGSNQCLVKEEASSAVVGHHHHHH,6.48,CHEMBL4229471
CCOC(=O)/C=C/C(=O)[C@H](CCc1ccccc1)NC(=O)[C@H](CC(C)C)NC(=O)N1CCOCC1,APAAVDWRARGAVTAVKDQGQCGSCWAFSAIGNVECQWFLAGHPLTNLAEQMLVSCDKTDSGCSGGLMNNAFEWIVQENNGAVYTEDSYPYASGEGISPPCTTSGHTVGATITGHVELPQDEAQIAAWLAVNGPVAVAVDASSWMTYTGGVMTSCVSEQLDHGVLLVGYNDGAAVPYWIIKNSWTTQWGEEGYIRIAKGSNQCLVKEEASSAVVGHHHHHH,6.47,CHEMBL4229471
CCOC(=O)/C=C/C(=O)[C@H](C)NC(=O)[C@H](CC(C)C)NC(=O)OCc1ccccc1,APAAVDWRARGAVTAVKDQGQCGSCWAFSAIGNVECQWFLAGHPLTNLAEQMLVSCDKTDSGCSGGLMNNAFEWIVQENNGAVYTEDSYPYASGEGISPPCTTSGHTVGATITGHVELPQDEAQIAAWLAVNGPVAVAVDASSWMTYTGGVMTSCVSEQLDHGVLLVGYNDGAAVPYWIIKNSWTTQWGEEGYIRIAKGSNQCLVKEEASSAVVGHHHHHH,6.2,CHEMBL4229471
COC1=CC(=O)N(C(=O)/C=C/[C@H](Cc2ccccc2)NC(=O)[C@H](CC(C)C)NC(=O)[C@H](CC(C)C)OC(=O)[C@H](C(C)C)N(C)C)[C@H]1CC(C)C,APAAVDWRARGAVTAVKDQGQCGSCWAFSAIGNVECQWFLAGHPLTNLAEQMLVSCDKTDSGCSGGLMNNAFEWIVQENNGAVYTEDSYPYASGEGISPPCTTSGHTVGATITGHVELPQDEAQIAAWLAVNGPVAVAVDASSWMTYTGGVMTSCVSEQLDHGVLLVGYNDGAAVPYWIIKNSWTTQWGEEGYIRIAKGSNQCLVKEEASSAVVGHHHHHH,9.6,CHEMBL4321814
CC[C@H](C)[C@@H](C(=O)O[C@@H](CC(C)C)C(=O)N[C@@H](CC(C)C)C(=O)N[C@@H](C)/C=C/C(=O)N1C(=O)C=C(OC)[C@@H]1C)N(C)C,APAAVDWRARGAVTAVKDQGQCGSCWAFSAIGNVECQWFLAGHPLTNLAEQMLVSCDKTDSGCSGGLMNNAFEWIVQENNGAVYTEDSYPYASGEGISPPCTTSGHTVGATITGHVELPQDEAQIAAWLAVNGPVAVAVDASSWMTYTGGVMTSCVSEQLDHGVLLVGYNDGAAVPYWIIKNSWTTQWGEEGYIRIAKGSNQCLVKEEASSAVVGHHHHHH,9.59,CHEMBL4321814
C#CCCCCOC1=CC(=O)N(C(=O)/C=C/[C@H](C)NC(=O)[C@H](CC(C)C)NC(=O)[C@H](CC(C)C)OC(=O)[C@H]([C@@H](C)CC)N(C)C)[C@@H]1C,APAAVDWRARGAVTAVKDQGQCGSCWAFSAIGNVECQWFLAGHPLTNLAEQMLVSCDKTDSGCSGGLMNNAFEWIVQENNGAVYTEDSYPYASGEGISPPCTTSGHTVGATITGHVELPQDEAQIAAWLAVNGPVAVAVDASSWMTYTGGVMTSCVSEQLDHGVLLVGYNDGAAVPYWIIKNSWTTQWGEEGYIRIAKGSNQCLVKEEASSAVVGHHHHHH,9.33,CHEMBL4321814
CC[C@H](C)[C@@H](C(=O)O[C@@H](CC(C)C)C(=O)N[C@@H](CC(C)C)C(=O)N[C@@H](C)/C=C/C(=O)N1C(=O)C=C(OC)[C@@H]1CC(C)C)N(C)C,APAAVDWRARGAVTAVKDQGQCGSCWAFSAIGNVECQWFLAGHPLTNLAEQMLVSCDKTDSGCSGGLMNNAFEWIVQENNGAVYTEDSYPYASGEGISPPCTTSGHTVGATITGHVELPQDEAQIAAWLAVNGPVAVAVDASSWMTYTGGVMTSCVSEQLDHGVLLVGYNDGAAVPYWIIKNSWTTQWGEEGYIRIAKGSNQCLVKEEASSAVVGHHHHHH,9.31,CHEMBL4321814
COC1=CC(=O)N(C(=O)/C=C/[C@H](C)NC(=O)[C@H](CC(C)C)NC(=O)[C@H](CC(C)C)OC(=O)[C@H](Cc2ccccc2)N(C)C)[C@H]1Cc1ccccc1,APAAVDWRARGAVTAVKDQGQCGSCWAFSAIGNVECQWFLAGHPLTNLAEQMLVSCDKTDSGCSGGLMNNAFEWIVQENNGAVYTEDSYPYASGEGISPPCTTSGHTVGATITGHVELPQDEAQIAAWLAVNGPVAVAVDASSWMTYTGGVMTSCVSEQLDHGVLLVGYNDGAAVPYWIIKNSWTTQWGEEGYIRIAKGSNQCLVKEEASSAVVGHHHHHH,9.14,CHEMBL4321814
CC[C@H](C)[C@@H](C(=O)O[C@@H](CC(C)C)C(=O)N[C@@H](CC(C)C)C(=O)N[C@@H](C)/C=C/C(=O)N1C(=O)C=C(OC)[C@@H]1Cc1ccccc1)N(C)C,APAAVDWRARGAVTAVKDQGQCGSCWAFSAIGNVECQWFLAGHPLTNLAEQMLVSCDKTDSGCSGGLMNNAFEWIVQENNGAVYTEDSYPYASGEGISPPCTTSGHTVGATITGHVELPQDEAQIAAWLAVNGPVAVAVDASSWMTYTGGVMTSCVSEQLDHGVLLVGYNDGAAVPYWIIKNSWTTQWGEEGYIRIAKGSNQCLVKEEASSAVVGHHHHHH,9.12,CHEMBL4321814
CC[C@H](C)[C@@H](C(=O)O[C@@H](CC(C)C)C(=O)N[C@@H](CC(C)C)C(=O)N[C@H](/C=C/C(=O)N1C(=O)C=C(OC)[C@@H]1C)Cc1ccccc1)N(C)C,APAAVDWRARGAVTAVKDQGQCGSCWAFSAIGNVECQWFLAGHPLTNLAEQMLVSCDKTDSGCSGGLMNNAFEWIVQENNGAVYTEDSYPYASGEGISPPCTTSGHTVGATITGHVELPQDEAQIAAWLAVNGPVAVAVDASSWMTYTGGVMTSCVSEQLDHGVLLVGYNDGAAVPYWIIKNSWTTQWGEEGYIRIAKGSNQCLVKEEASSAVVGHHHHHH,9.08,CHEMBL4321814
CC[C@H](C)[C@@H](C(=O)O[C@@H](CC(C)C)C(=O)N[C@@H](CC(C)C)C(=O)N[C@H](/C=C/C(=O)N1C(=O)C=C(OC)[C@H]1Cc1ccccc1)Cc1ccccc1)N(C)C,APAAVDWRARGAVTAVKDQGQCGSCWAFSAIGNVECQWFLAGHPLTNLAEQMLVSCDKTDSGCSGGLMNNAFEWIVQENNGAVYTEDSYPYASGEGISPPCTTSGHTVGATITGHVELPQDEAQIAAWLAVNGPVAVAVDASSWMTYTGGVMTSCVSEQLDHGVLLVGYNDGAAVPYWIIKNSWTTQWGEEGYIRIAKGSNQCLVKEEASSAVVGHHHHHH,8.97,CHEMBL4321814
CC[C@H](C)[C@@H](C(=O)O[C@@H](CC(C)C)C(=O)N[C@@H](CC(C)C)C(=O)N[C@H](/C=C/C(=O)N1C(=O)C=C(OC)[C@@H]1CC(C)C)Cc1ccccc1)N(C)C,APAAVDWRARGAVTAVKDQGQCGSCWAFSAIGNVECQWFLAGHPLTNLAEQMLVSCDKTDSGCSGGLMNNAFEWIVQENNGAVYTEDSYPYASGEGISPPCTTSGHTVGATITGHVELPQDEAQIAAWLAVNGPVAVAVDASSWMTYTGGVMTSCVSEQLDHGVLLVGYNDGAAVPYWIIKNSWTTQWGEEGYIRIAKGSNQCLVKEEASSAVVGHHHHHH,8.97,CHEMBL4321814
CC[C@H](C)[C@@H](C(=O)O[C@@H](CC(C)C)C(=O)N[C@@H](CC(C)C)C(=O)N[C@H](/C=C/C(=O)N1C(=O)C=C(OC)[C@@H]1Cc1ccccc1)Cc1ccccc1)N(C)C,APAAVDWRARGAVTAVKDQGQCGSCWAFSAIGNVECQWFLAGHPLTNLAEQMLVSCDKTDSGCSGGLMNNAFEWIVQENNGAVYTEDSYPYASGEGISPPCTTSGHTVGATITGHVELPQDEAQIAAWLAVNGPVAVAVDASSWMTYTGGVMTSCVSEQLDHGVLLVGYNDGAAVPYWIIKNSWTTQWGEEGYIRIAKGSNQCLVKEEASSAVVGHHHHHH,8.94,CHEMBL4321814
COC1=CC(=O)N(C(=O)/C=C/[C@H](Cc2ccccc2)NC(=O)[C@H](CC(C)C)NC(=O)[C@H](CC(C)C)OC(=O)[C@H](Cc2ccccc2)N(C)C)[C@H]1C,APAAVDWRARGAVTAVKDQGQCGSCWAFSAIGNVECQWFLAGHPLTNLAEQMLVSCDKTDSGCSGGLMNNAFEWIVQENNGAVYTEDSYPYASGEGISPPCTTSGHTVGATITGHVELPQDEAQIAAWLAVNGPVAVAVDASSWMTYTGGVMTSCVSEQLDHGVLLVGYNDGAAVPYWIIKNSWTTQWGEEGYIRIAKGSNQCLVKEEASSAVVGHHHHHH,8.92,CHEMBL4321814
COC1=CC(=O)N(C(=O)/C=C/[C@H](Cc2ccccc2)NC(=O)[C@H](CC(C)C)NC(=O)[C@H](CC(C)C)OC(=O)[C@H](Cc2ccccc2)N(C)C)[C@H]1Cc1ccccc1,APAAVDWRARGAVTAVKDQGQCGSCWAFSAIGNVECQWFLAGHPLTNLAEQMLVSCDKTDSGCSGGLMNNAFEWIVQENNGAVYTEDSYPYASGEGISPPCTTSGHTVGATITGHVELPQDEAQIAAWLAVNGPVAVAVDASSWMTYTGGVMTSCVSEQLDHGVLLVGYNDGAAVPYWIIKNSWTTQWGEEGYIRIAKGSNQCLVKEEASSAVVGHHHHHH,8.87,CHEMBL4321814
COC1=CC(=O)N(C(=O)/C=C/[C@H](C)NC(=O)[C@H](CC(C)C)NC(=O)[C@H](CC(C)C)OC(=O)[C@H](C(C)C)N(C)C)[C@H]1C,APAAVDWRARGAVTAVKDQGQCGSCWAFSAIGNVECQWFLAGHPLTNLAEQMLVSCDKTDSGCSGGLMNNAFEWIVQENNGAVYTEDSYPYASGEGISPPCTTSGHTVGATITGHVELPQDEAQIAAWLAVNGPVAVAVDASSWMTYTGGVMTSCVSEQLDHGVLLVGYNDGAAVPYWIIKNSWTTQWGEEGYIRIAKGSNQCLVKEEASSAVVGHHHHHH,8.54,CHEMBL4321814
COC1=CC(=O)N(C(=O)/C=C/[C@H](Cc2ccccc2)NC(=O)[C@H](CC(C)C)NC(=O)[C@H](CC(C)C)OC(=O)[C@H](Cc2ccccc2)N(C)C)[C@@H]1Cc1ccccc1,APAAVDWRARGAVTAVKDQGQCGSCWAFSAIGNVECQWFLAGHPLTNLAEQMLVSCDKTDSGCSGGLMNNAFEWIVQENNGAVYTEDSYPYASGEGISPPCTTSGHTVGATITGHVELPQDEAQIAAWLAVNGPVAVAVDASSWMTYTGGVMTSCVSEQLDHGVLLVGYNDGAAVPYWIIKNSWTTQWGEEGYIRIAKGSNQCLVKEEASSAVVGHHHHHH,8.43,CHEMBL4321814
CC[C@H](C)[C@@H](C(=O)O[C@@H](CC(C)C)C(=O)N[C@@H](CC(C)C)C(=O)N[C@@H](/C=C/C(=O)N1C(=O)C=C(OC)[C@H]1Cc1ccccc1)Cc1ccccc1)N(C)C,APAAVDWRARGAVTAVKDQGQCGSCWAFSAIGNVECQWFLAGHPLTNLAEQMLVSCDKTDSGCSGGLMNNAFEWIVQENNGAVYTEDSYPYASGEGISPPCTTSGHTVGATITGHVELPQDEAQIAAWLAVNGPVAVAVDASSWMTYTGGVMTSCVSEQLDHGVLLVGYNDGAAVPYWIIKNSWTTQWGEEGYIRIAKGSNQCLVKEEASSAVVGHHHHHH,7.43,CHEMBL4321814
CN1CCN(C(=O)N[C@@H](Cc2ccccc2)C(=O)N[C@H](/C=C/S(=O)(=O)c2ccccc2)CCc2ccccc2)CC1,APAAVDWRARGAVTAVKDQGQCGSCWAFSAIGNVECQWFLAGHPLTNLAEQMLVSCDKTDSGCSGGLMNNAFEWIVQENNGAVYTEDSYPYASGEGISPPCTTSGHTVGATITGHVELPQDEAQIAAWLAVNGPVAVAVDASSWMTYTGGVMTSCVSEQLDHGVLLVGYNDGAAVPYWIIKNSWTTQWGEEGYIRIAKGSNQCLVKEEASSAVVGHHHHHH,9.7,CHEMBL4354862
CC/C(=N\N=C(\N)S)c1cccc(Br)c1,APAAVDWRARGAVTAVKDQGQCGSCWAFSAIGNVECQWFLAGHPLTNLAEQMLVSCDKTDSGCSGGLMNNAFEWIVQENNGAVYTEDSYPYASGEGISPPCTTSGHTVGATITGHVELPQDEAQIAAWLAVNGPVAVAVDASSWMTYTGGVMTSCVSEQLDHGVLLVGYNDGAAVPYWIIKNSWTTQWGEEGYIRIAKGSNQCLVKEEASSAVVGHHHHHH,7.4,CHEMBL4715737
CC/C(=N\Nc1nc(-c2ccccc2)c(C)s1)c1cccc(Br)c1,APAAVDWRARGAVTAVKDQGQCGSCWAFSAIGNVECQWFLAGHPLTNLAEQMLVSCDKTDSGCSGGLMNNAFEWIVQENNGAVYTEDSYPYASGEGISPPCTTSGHTVGATITGHVELPQDEAQIAAWLAVNGPVAVAVDASSWMTYTGGVMTSCVSEQLDHGVLLVGYNDGAAVPYWIIKNSWTTQWGEEGYIRIAKGSNQCLVKEEASSAVVGHHHHHH,6.29,CHEMBL4715737
CC(C)C[C@H](NC(=O)[C@H]1O[C@@H]1C(=O)O)C(=O)NCCCCN=C(N)N,APAAVDWRARGAVTAVKDQGQCGSCWAFSAIGNVECQWFLAGHPLTNLAEQMLVSCDKTDSGCSGGLMNNAFEWIVQENNGAVYTEDSYPYASGEGISPPCTTSGHTVGATITGHVELPQDEAQIAAWLAVNGPVAVAVDASSWMTYTGGVMTSCVSEQLDHGVLLVGYNDGAAVPYWIIKNSWTTQWGEEGYIRIAKGSNQCLVKEEASSAVVGHHHHHH,7.7,CHEMBL4811271
CC(C)C[C@H](NC(=O)[C@@H]1O[C@H]1C(=O)O)C(=O)NCCCCN=C(N)N,APAAVDWRARGAVTAVKDQGQCGSCWAFSAIGNVECQWFLAGHPLTNLAEQMLVSCDKTDSGCSGGLMNNAFEWIVQENNGAVYTEDSYPYASGEGISPPCTTSGHTVGATITGHVELPQDEAQIAAWLAVNGPVAVAVDASSWMTYTGGVMTSCVSEQLDHGVLLVGYNDGAAVPYWIIKNSWTTQWGEEGYIRIAKGSNQCLVKEEASSAVVGHHHHHH,7.55,CHEMBL4831522
COc1ccc(-c2cc(NC(=O)c3nnc(-c4ccccc4N)o3)n[nH]2)cc1,APAAVDWRARGAVTAVKDQGQCGSCWAFSAIGNVECQWFLAGHPLTNLAEQMLVSCDKTDSGCSGGLMNNAFEWIVQENNGAVYTEDSYPYASGEGISPPCTTSGHTVGATITGHVELPQDEAQIAAWLAVNGPVAVAVDASSWMTYTGGVMTSCVSEQLDHGVLLVGYNDGAAVPYWIIKNSWTTQWGEEGYIRIAKGSNQCLVKEEASSAVVGHHHHHH,6.7,CHEMBL5137001
COc1ccc(NC(=O)COC(=O)C(CC(C)C)N2C(=O)C(Cl)=C(Cl)C2=O)cc1,APAAVDWRARGAVTAVKDQGQCGSCWAFSAIGNVECQWFLAGHPLTNLAEQMLVSCDKTDSGCSGGLMNNAFEWIVQENNGAVYTEDSYPYASGEGISPPCTTSGHTVGATITGHVELPQDEAQIAAWLAVNGPVAVAVDASSWMTYTGGVMTSCVSEQLDHGVLLVGYNDGAAVPYWIIKNSWTTQWGEEGYIRIAKGSNQCLVKEEASSAVVGHHHHHH,6.22,CHEMBL5137001
C/C(=N\N=C(\N)S)c1ccc(Cl)c(Cl)c1,APAAVDWRARGAVTAVKDQGQCGSCWAFSAIGNVECQWFLAGHPLTNLAEQMLVSCDKTDSGCSGGLMNNAFEWIVQENNGAVYTEDSYPYASGEGISPPCTTSGHTVGATITGHVELPQDEAQIAAWLAVNGPVAVAVDASSWMTYTGGVMTSCVSEQLDHGVLLVGYNDGAAVPYWIIKNSWTTQWGEEGYIRIAKGSNQCLVKEEASSAVVGHHHHHH,7.3,CHEMBL5143642
CC1CN(C(=N)S)N=C1c1ccc(Cl)c(Cl)c1,APAAVDWRARGAVTAVKDQGQCGSCWAFSAIGNVECQWFLAGHPLTNLAEQMLVSCDKTDSGCSGGLMNNAFEWIVQENNGAVYTEDSYPYASGEGISPPCTTSGHTVGATITGHVELPQDEAQIAAWLAVNGPVAVAVDASSWMTYTGGVMTSCVSEQLDHGVLLVGYNDGAAVPYWIIKNSWTTQWGEEGYIRIAKGSNQCLVKEEASSAVVGHHHHHH,7.16,CHEMBL5143642
CC[C@H](C)[C@@H](C(=O)O[C@@H](CC(C)C)C(=O)N[C@@H](CC(C)C)C(=O)N[C@@H](/C=C/C(=O)N1C(=O)C=C(OC)[C@@H]1Cc1ccccc1)Cc1ccccc1)N(C)C,APAAVDWRARGAVTAVKDQGQCGSCWAFSAIGNVECQWFLAGHPLTNLAEQMLVSCDKTDSGCSGGLMNNAFEWIVQENNGAVYTEDSYPYASGEGISPPCTTSGHTVGATITGHVELPQDEAQIAAWLAVNGPVAVAVDASSWMTYTGGVMTSCVSEQLDHGVLLVGYNDGAAVPYWIIKNSWTTQWGEEGYIRIAKGSNQCLVKEEASSAVVGHHHHHH,7.09,CHEMBL5143642
N/C(S)=N/N=C/c1ccc(Cl)c(Cl)c1,APAAVDWRARGAVTAVKDQGQCGSCWAFSAIGNVECQWFLAGHPLTNLAEQMLVSCDKTDSGCSGGLMNNAFEWIVQENNGAVYTEDSYPYASGEGISPPCTTSGHTVGATITGHVELPQDEAQIAAWLAVNGPVAVAVDASSWMTYTGGVMTSCVSEQLDHGVLLVGYNDGAAVPYWIIKNSWTTQWGEEGYIRIAKGSNQCLVKEEASSAVVGHHHHHH,7.09,CHEMBL5143642
CC/C(=N\N=C(\N)S)c1cccc(Cl)c1,APAAVDWRARGAVTAVKDQGQCGSCWAFSAIGNVECQWFLAGHPLTNLAEQMLVSCDKTDSGCSGGLMNNAFEWIVQENNGAVYTEDSYPYASGEGISPPCTTSGHTVGATITGHVELPQDEAQIAAWLAVNGPVAVAVDASSWMTYTGGVMTSCVSEQLDHGVLLVGYNDGAAVPYWIIKNSWTTQWGEEGYIRIAKGSNQCLVKEEASSAVVGHHHHHH,6.66,CHEMBL5143642
CC/C(=N\NC(N)=S)c1cccc([N+](=O)[O-])c1,APAAVDWRARGAVTAVKDQGQCGSCWAFSAIGNVECQWFLAGHPLTNLAEQMLVSCDKTDSGCSGGLMNNAFEWIVQENNGAVYTEDSYPYASGEGISPPCTTSGHTVGATITGHVELPQDEAQIAAWLAVNGPVAVAVDASSWMTYTGGVMTSCVSEQLDHGVLLVGYNDGAAVPYWIIKNSWTTQWGEEGYIRIAKGSNQCLVKEEASSAVVGHHHHHH,6.12,CHEMBL5143642
COC1=CC(=O)N(C(=O)/C=C/[C@H](C)NC(=O)[C@H](CC(C)C)NC(=O)[C@H](CC2CCCCC2)NC(=O)[C@H](C(C)C)N(C)C)[C@H]1Cc1c[nH]c2ccccc12,APAAVDWRARGAVTAVKDQGQCGSCWAFSAIGNVECQWFLAGHPLTNLAEQMLVSCDKTDSGCSGGLMNNAFEWIVQENNGAVYTEDSYPYASGEGISPPCTTSGHTVGATITGHVELPQDEAQIAAWLAVNGPVAVAVDASSWMTYTGGVMTSCVSEQLDHGVLLVGYNDGAAVPYWIIKNSWTTQWGEEGYIRIAKGSNQCLVKEEASSAVVGHHHHHH,10.09,CHEMBL5154751
COC1=CC(=O)N(C(=O)/C=C/[C@H](C)NC(=O)[C@H](CC(C)C)NC(=O)[C@H](CC2CCCCC2)NC(=O)C2CCN(C)CC2)[C@H]1Cc1c[nH]c2ccccc12,APAAVDWRARGAVTAVKDQGQCGSCWAFSAIGNVECQWFLAGHPLTNLAEQMLVSCDKTDSGCSGGLMNNAFEWIVQENNGAVYTEDSYPYASGEGISPPCTTSGHTVGATITGHVELPQDEAQIAAWLAVNGPVAVAVDASSWMTYTGGVMTSCVSEQLDHGVLLVGYNDGAAVPYWIIKNSWTTQWGEEGYIRIAKGSNQCLVKEEASSAVVGHHHHHH,10.07,CHEMBL5154751
COC1=CC(=O)N(C(=O)/C=C/[C@H](CCc2ccccc2)NC(=O)[C@H](CC(C)C)NC(=O)[C@H](CC(C)C)NC(=O)[C@H](C(C)C)N(C)C)[C@H]1Cc1c[nH]c2ccccc12,APAAVDWRARGAVTAVKDQGQCGSCWAFSAIGNVECQWFLAGHPLTNLAEQMLVSCDKTDSGCSGGLMNNAFEWIVQENNGAVYTEDSYPYASGEGISPPCTTSGHTVGATITGHVELPQDEAQIAAWLAVNGPVAVAVDASSWMTYTGGVMTSCVSEQLDHGVLLVGYNDGAAVPYWIIKNSWTTQWGEEGYIRIAKGSNQCLVKEEASSAVVGHHHHHH,10.05,CHEMBL5154751
COC1=CC(=O)N(C(=O)/C=C/[C@H](C)NC(=O)[C@H](CC(C)C)NC(=O)[C@H](CC(C)C)NC(=O)[C@H](C(C)C)N(C)C)[C@H]1Cc1c[nH]c2ccccc12,APAAVDWRARGAVTAVKDQGQCGSCWAFSAIGNVECQWFLAGHPLTNLAEQMLVSCDKTDSGCSGGLMNNAFEWIVQENNGAVYTEDSYPYASGEGISPPCTTSGHTVGATITGHVELPQDEAQIAAWLAVNGPVAVAVDASSWMTYTGGVMTSCVSEQLDHGVLLVGYNDGAAVPYWIIKNSWTTQWGEEGYIRIAKGSNQCLVKEEASSAVVGHHHHHH,9.96,CHEMBL5154751
COC1=CC(=O)N(C(=O)/C=C/[C@@H](CCc2ccccc2)NC(=O)[C@H](CC(C)C)NC(=O)[C@H](CC(C)C)NC(=O)[C@H](C(C)C)N(C)C)C1Cc1ccc(-c2ccc(C#N)cc2)cc1,APAAVDWRARGAVTAVKDQGQCGSCWAFSAIGNVECQWFLAGHPLTNLAEQMLVSCDKTDSGCSGGLMNNAFEWIVQENNGAVYTEDSYPYASGEGISPPCTTSGHTVGATITGHVELPQDEAQIAAWLAVNGPVAVAVDASSWMTYTGGVMTSCVSEQLDHGVLLVGYNDGAAVPYWIIKNSWTTQWGEEGYIRIAKGSNQCLVKEEASSAVVGHHHHHH,9.96,CHEMBL5154751
COC1=CC(=O)N(C(=O)/C=C/[C@@H](CCc2ccccc2)NC(=O)[C@H](CC(C)C)NC(=O)[C@H](CC(C)C)NC(=O)[C@H](C(C)C)N(C)C)C1Cc1ccc(-c2ccccc2)cc1,APAAVDWRARGAVTAVKDQGQCGSCWAFSAIGNVECQWFLAGHPLTNLAEQMLVSCDKTDSGCSGGLMNNAFEWIVQENNGAVYTEDSYPYASGEGISPPCTTSGHTVGATITGHVELPQDEAQIAAWLAVNGPVAVAVDASSWMTYTGGVMTSCVSEQLDHGVLLVGYNDGAAVPYWIIKNSWTTQWGEEGYIRIAKGSNQCLVKEEASSAVVGHHHHHH,9.92,CHEMBL5154751
COC1=CC(=O)N(C(=O)/C=C/[C@H](CCc2ccccc2)NC(=O)[C@H](CC(C)C)NC(=O)[C@H](CC(C)C)NC(=O)C2CCN(C)CC2)C1Cc1ccc(-c2ccc(C#N)cc2)cc1,APAAVDWRARGAVTAVKDQGQCGSCWAFSAIGNVECQWFLAGHPLTNLAEQMLVSCDKTDSGCSGGLMNNAFEWIVQENNGAVYTEDSYPYASGEGISPPCTTSGHTVGATITGHVELPQDEAQIAAWLAVNGPVAVAVDASSWMTYTGGVMTSCVSEQLDHGVLLVGYNDGAAVPYWIIKNSWTTQWGEEGYIRIAKGSNQCLVKEEASSAVVGHHHHHH,9.89,CHEMBL5154751
COC1=CC(=O)N(C(=O)/C=C/[C@H](C)NC(=O)[C@H](CC(C)C)NC(=O)[C@H](CC(C)C)NC(=O)C2CCN(C)CC2)[C@H]1Cc1c[nH]c2ccccc12,APAAVDWRARGAVTAVKDQGQCGSCWAFSAIGNVECQWFLAGHPLTNLAEQMLVSCDKTDSGCSGGLMNNAFEWIVQENNGAVYTEDSYPYASGEGISPPCTTSGHTVGATITGHVELPQDEAQIAAWLAVNGPVAVAVDASSWMTYTGGVMTSCVSEQLDHGVLLVGYNDGAAVPYWIIKNSWTTQWGEEGYIRIAKGSNQCLVKEEASSAVVGHHHHHH,9.72,CHEMBL5154751
COC1=CC(=O)N(C(=O)/C=C/[C@H](CCc2ccccc2)NC(=O)[C@H](CC(C)C)NC(=O)[C@H](CC(C)C)NC(=O)C2CCN(C)CC2)C1Cc1ccc(-c2ccc(OC)cc2)cc1,APAAVDWRARGAVTAVKDQGQCGSCWAFSAIGNVECQWFLAGHPLTNLAEQMLVSCDKTDSGCSGGLMNNAFEWIVQENNGAVYTEDSYPYASGEGISPPCTTSGHTVGATITGHVELPQDEAQIAAWLAVNGPVAVAVDASSWMTYTGGVMTSCVSEQLDHGVLLVGYNDGAAVPYWIIKNSWTTQWGEEGYIRIAKGSNQCLVKEEASSAVVGHHHHHH,9.59,CHEMBL5154751
COC1=CC(=O)N(C(=O)/C=C/[C@@H](CCc2ccccc2)NC(=O)[C@H](CC(C)C)NC(=O)[C@H](CC(C)C)NC(=O)[C@H](C(C)C)N(C)C)C1Cc1ccc(-c2ccc(OC)cc2)cc1,APAAVDWRARGAVTAVKDQGQCGSCWAFSAIGNVECQWFLAGHPLTNLAEQMLVSCDKTDSGCSGGLMNNAFEWIVQENNGAVYTEDSYPYASGEGISPPCTTSGHTVGATITGHVELPQDEAQIAAWLAVNGPVAVAVDASSWMTYTGGVMTSCVSEQLDHGVLLVGYNDGAAVPYWIIKNSWTTQWGEEGYIRIAKGSNQCLVKEEASSAVVGHHHHHH,9.55,CHEMBL5154751
COC1=CC(=O)N(C(=O)/C=C/[C@H](C)NC(=O)[C@H](CC2CCCCC2)NC(=O)[C@H](CC(C)C)NC(=O)[C@H](C(C)C)N(C)C)[C@H]1Cc1c[nH]c2ccccc12,APAAVDWRARGAVTAVKDQGQCGSCWAFSAIGNVECQWFLAGHPLTNLAEQMLVSCDKTDSGCSGGLMNNAFEWIVQENNGAVYTEDSYPYASGEGISPPCTTSGHTVGATITGHVELPQDEAQIAAWLAVNGPVAVAVDASSWMTYTGGVMTSCVSEQLDHGVLLVGYNDGAAVPYWIIKNSWTTQWGEEGYIRIAKGSNQCLVKEEASSAVVGHHHHHH,9.47,CHEMBL5154751
COC1=CC(=O)N(C(=O)/C=C/[C@H](CCc2ccccc2)NC(=O)[C@H](CC(C)C)NC(=O)[C@H](CC(C)C)NC(=O)C2CCN(C)CC2)C1Cc1ccc(-c2ccccc2)cc1,APAAVDWRARGAVTAVKDQGQCGSCWAFSAIGNVECQWFLAGHPLTNLAEQMLVSCDKTDSGCSGGLMNNAFEWIVQENNGAVYTEDSYPYASGEGISPPCTTSGHTVGATITGHVELPQDEAQIAAWLAVNGPVAVAVDASSWMTYTGGVMTSCVSEQLDHGVLLVGYNDGAAVPYWIIKNSWTTQWGEEGYIRIAKGSNQCLVKEEASSAVVGHHHHHH,9.4,CHEMBL5154751
COC1=CC(=O)N(C(=O)/C=C/[C@H](C)NC(=O)[C@H](CCc2ccccc2)NC(=O)[C@H](CC(C)C)NC(=O)[C@H](C(C)C)N(C)C)[C@H]1Cc1c[nH]c2ccccc12,APAAVDWRARGAVTAVKDQGQCGSCWAFSAIGNVECQWFLAGHPLTNLAEQMLVSCDKTDSGCSGGLMNNAFEWIVQENNGAVYTEDSYPYASGEGISPPCTTSGHTVGATITGHVELPQDEAQIAAWLAVNGPVAVAVDASSWMTYTGGVMTSCVSEQLDHGVLLVGYNDGAAVPYWIIKNSWTTQWGEEGYIRIAKGSNQCLVKEEASSAVVGHHHHHH,9.31,CHEMBL5154751
COC1=CC(=O)N(C(=O)/C=C/[C@@H](CCc2ccccc2)NC(=O)[C@H](CC(C)C)NC(=O)[C@H](CC(C)C)NC(=O)[C@H](C(C)C)N(C)C)C1Cc1ccc(-c2ccc(C(F)(F)F)cc2)cc1,APAAVDWRARGAVTAVKDQGQCGSCWAFSAIGNVECQWFLAGHPLTNLAEQMLVSCDKTDSGCSGGLMNNAFEWIVQENNGAVYTEDSYPYASGEGISPPCTTSGHTVGATITGHVELPQDEAQIAAWLAVNGPVAVAVDASSWMTYTGGVMTSCVSEQLDHGVLLVGYNDGAAVPYWIIKNSWTTQWGEEGYIRIAKGSNQCLVKEEASSAVVGHHHHHH,9.17,CHEMBL5154751
COC1=CC(=O)N(C(=O)/C=C/[C@@H](CCc2ccccc2)NC(=O)[C@H](CC(C)C)NC(=O)[C@H](CC(C)C)NC(=O)[C@H](C(C)C)N(C)C)C1Cc1ccc(-c2ccc3ccccc3c2)cc1,APAAVDWRARGAVTAVKDQGQCGSCWAFSAIGNVECQWFLAGHPLTNLAEQMLVSCDKTDSGCSGGLMNNAFEWIVQENNGAVYTEDSYPYASGEGISPPCTTSGHTVGATITGHVELPQDEAQIAAWLAVNGPVAVAVDASSWMTYTGGVMTSCVSEQLDHGVLLVGYNDGAAVPYWIIKNSWTTQWGEEGYIRIAKGSNQCLVKEEASSAVVGHHHHHH,9.16,CHEMBL5154751
COC1=CC(=O)N(C(=O)/C=C/[C@@H](NC(=O)[C@H](CC(C)C)NC(=O)[C@H](CC2CCCCC2)NC(=O)[C@H](C(C)C)N(C)C)C2CCCCC2)[C@H]1Cc1c[nH]c2ccccc12,APAAVDWRARGAVTAVKDQGQCGSCWAFSAIGNVECQWFLAGHPLTNLAEQMLVSCDKTDSGCSGGLMNNAFEWIVQENNGAVYTEDSYPYASGEGISPPCTTSGHTVGATITGHVELPQDEAQIAAWLAVNGPVAVAVDASSWMTYTGGVMTSCVSEQLDHGVLLVGYNDGAAVPYWIIKNSWTTQWGEEGYIRIAKGSNQCLVKEEASSAVVGHHHHHH,9.15,CHEMBL5154751
COC1=CC(=O)N(C(=O)/C=C/[C@H](C)NC(=O)[C@H](CC2CCCCC2)NC(=O)[C@H](CC2CCCCC2)NC(=O)[C@H](C(C)C)N(C)C)[C@H]1Cc1c[nH]c2ccccc12,APAAVDWRARGAVTAVKDQGQCGSCWAFSAIGNVECQWFLAGHPLTNLAEQMLVSCDKTDSGCSGGLMNNAFEWIVQENNGAVYTEDSYPYASGEGISPPCTTSGHTVGATITGHVELPQDEAQIAAWLAVNGPVAVAVDASSWMTYTGGVMTSCVSEQLDHGVLLVGYNDGAAVPYWIIKNSWTTQWGEEGYIRIAKGSNQCLVKEEASSAVVGHHHHHH,9.13,CHEMBL5154751
COC1=CC(=O)N(C(=O)/C=C/[C@H](CCc2ccccc2)NC(=O)[C@H](CC(C)C)NC(=O)[C@H](CC(C)C)NC(=O)C2CCN(C)CC2)C1Cc1ccc(-c2ccc(C(F)(F)F)cc2)cc1,APAAVDWRARGAVTAVKDQGQCGSCWAFSAIGNVECQWFLAGHPLTNLAEQMLVSCDKTDSGCSGGLMNNAFEWIVQENNGAVYTEDSYPYASGEGISPPCTTSGHTVGATITGHVELPQDEAQIAAWLAVNGPVAVAVDASSWMTYTGGVMTSCVSEQLDHGVLLVGYNDGAAVPYWIIKNSWTTQWGEEGYIRIAKGSNQCLVKEEASSAVVGHHHHHH,9.1,CHEMBL5154751
COC1=CC(=O)N(C(=O)/C=C/[C@H](C)NC(=O)[C@H](CC(C)C)NC(=O)[C@H](Cc2ccccc2)NC(=O)[C@H](C(C)C)N(C)C)[C@H]1Cc1c[nH]c2ccccc12,APAAVDWRARGAVTAVKDQGQCGSCWAFSAIGNVECQWFLAGHPLTNLAEQMLVSCDKTDSGCSGGLMNNAFEWIVQENNGAVYTEDSYPYASGEGISPPCTTSGHTVGATITGHVELPQDEAQIAAWLAVNGPVAVAVDASSWMTYTGGVMTSCVSEQLDHGVLLVGYNDGAAVPYWIIKNSWTTQWGEEGYIRIAKGSNQCLVKEEASSAVVGHHHHHH,9.07,CHEMBL5154751
COC1=CC(=O)N(C(=O)/C=C/[C@H](C)NC(=O)[C@H](CCc2ccccc2)NC(=O)[C@H](CC2CCCCC2)NC(=O)[C@H](C(C)C)N(C)C)[C@H]1Cc1c[nH]c2ccccc12,APAAVDWRARGAVTAVKDQGQCGSCWAFSAIGNVECQWFLAGHPLTNLAEQMLVSCDKTDSGCSGGLMNNAFEWIVQENNGAVYTEDSYPYASGEGISPPCTTSGHTVGATITGHVELPQDEAQIAAWLAVNGPVAVAVDASSWMTYTGGVMTSCVSEQLDHGVLLVGYNDGAAVPYWIIKNSWTTQWGEEGYIRIAKGSNQCLVKEEASSAVVGHHHHHH,8.94,CHEMBL5154751
COC1=CC(=O)N(C(=O)/C=C/[C@H](C)NC(=O)[C@H](CC2CCCCC2)NC(=O)[C@H](CC(C)C)NC(=O)C2CCN(C)CC2)[C@H]1Cc1c[nH]c2ccccc12,APAAVDWRARGAVTAVKDQGQCGSCWAFSAIGNVECQWFLAGHPLTNLAEQMLVSCDKTDSGCSGGLMNNAFEWIVQENNGAVYTEDSYPYASGEGISPPCTTSGHTVGATITGHVELPQDEAQIAAWLAVNGPVAVAVDASSWMTYTGGVMTSCVSEQLDHGVLLVGYNDGAAVPYWIIKNSWTTQWGEEGYIRIAKGSNQCLVKEEASSAVVGHHHHHH,8.87,CHEMBL5154751
COC1=CC(=O)N(C(=O)/C=C/[C@H](CCc2ccccc2)NC(=O)[C@H](CC(C)C)NC(=O)[C@H](CC(C)C)NC(=O)C2CCN(C)CC2)C1Cc1ccc(-c2ccc3ccccc3c2)cc1,APAAVDWRARGAVTAVKDQGQCGSCWAFSAIGNVECQWFLAGHPLTNLAEQMLVSCDKTDSGCSGGLMNNAFEWIVQENNGAVYTEDSYPYASGEGISPPCTTSGHTVGATITGHVELPQDEAQIAAWLAVNGPVAVAVDASSWMTYTGGVMTSCVSEQLDHGVLLVGYNDGAAVPYWIIKNSWTTQWGEEGYIRIAKGSNQCLVKEEASSAVVGHHHHHH,8.81,CHEMBL5154751
COC1=CC(=O)N(C(=O)/C=C/[C@H](C)NC(=O)[C@H](CC2CCCCC2)NC(=O)[C@H](CC2CCCCC2)NC(=O)C2CCN(C)CC2)[C@H]1Cc1c[nH]c2ccccc12,APAAVDWRARGAVTAVKDQGQCGSCWAFSAIGNVECQWFLAGHPLTNLAEQMLVSCDKTDSGCSGGLMNNAFEWIVQENNGAVYTEDSYPYASGEGISPPCTTSGHTVGATITGHVELPQDEAQIAAWLAVNGPVAVAVDASSWMTYTGGVMTSCVSEQLDHGVLLVGYNDGAAVPYWIIKNSWTTQWGEEGYIRIAKGSNQCLVKEEASSAVVGHHHHHH,8.3,CHEMBL5154751
CCCC[C@H]1O[C@@H]1/C=C/C=O,APAAVDWRARGAVTAVKDQGQCGSCWAFSAIGNVECQWFLAGHPLTNLAEQMLVSCDKTDSGCSGGLMNNAFEWIVQENNGAVYTEDSYPYASGEGISPPCTTSGHTVGATITGHVELPQDEAQIAAWLAVNGPVAVAVDASSWMTYTGGVMTSCVSEQLDHGVLLVGYNDGAAVPYWIIKNSWTTQWGEEGYIRIAKGSNQCLVKEEASSAVVGHHHHHH,7.53,CHEMBL5154751
